-- phpMyAdmin SQL Dump
-- version 5.2.1
-- https://www.phpmyadmin.net/
--
-- Host: 127.0.0.1:3307
-- Generation Time: May 01, 2026 at 05:02 PM
-- Server version: 10.4.32-MariaDB
-- PHP Version: 8.2.12

SET SQL_MODE = "NO_AUTO_VALUE_ON_ZERO";
START TRANSACTION;
SET time_zone = "+00:00";


/*!40101 SET @OLD_CHARACTER_SET_CLIENT=@@CHARACTER_SET_CLIENT */;
/*!40101 SET @OLD_CHARACTER_SET_RESULTS=@@CHARACTER_SET_RESULTS */;
/*!40101 SET @OLD_COLLATION_CONNECTION=@@COLLATION_CONNECTION */;
/*!40101 SET NAMES utf8mb4 */;

--
-- Database: `student_db`
--

-- --------------------------------------------------------

--
-- Table structure for table `attendance`
--

CREATE TABLE `attendance` (
  `id` int(11) NOT NULL,
  `student_id` int(11) DEFAULT NULL,
  `name` varchar(255) NOT NULL,
  `enrollment_or_id` varchar(255) NOT NULL,
  `dept_name` varchar(255) NOT NULL,
  `subject_id` int(11) DEFAULT NULL,
  `date` date NOT NULL,
  `status` enum('P','A') NOT NULL
) ENGINE=InnoDB DEFAULT CHARSET=utf8mb4 COLLATE=utf8mb4_general_ci;

-- --------------------------------------------------------

--
-- Table structure for table `departments`
--

CREATE TABLE `departments` (
  `id` int(11) NOT NULL,
  `dept_name` varchar(50) NOT NULL
) ENGINE=InnoDB DEFAULT CHARSET=utf8mb4 COLLATE=utf8mb4_general_ci;

--
-- Dumping data for table `departments`
--

INSERT INTO `departments` (`id`, `dept_name`) VALUES
(1, '07 Computer Engineering'),
(2, '16 Information Technology');

-- --------------------------------------------------------

--
-- Table structure for table `faculty_details`
--

CREATE TABLE `faculty_details` (
  `id` int(11) NOT NULL,
  `faculty_id` varchar(50) NOT NULL,
  `name` varchar(100) NOT NULL,
  `email` varchar(100) NOT NULL,
  `profile_pic` longblob DEFAULT NULL,
  `dept_id` int(11) NOT NULL,
  `password` varchar(255) NOT NULL,
  `role` varchar(20) DEFAULT 'faculty',
  `verification_code` varchar(10) DEFAULT NULL
) ENGINE=InnoDB DEFAULT CHARSET=utf8mb4 COLLATE=utf8mb4_general_ci;

--
-- Dumping data for table `faculty_details`
--

INSERT INTO `faculty_details` (`id`, `faculty_id`, `name`, `email`, `profile_pic`, `dept_id`, `password`, `role`, `verification_code`) VALUES
(9, '101', 'Prof. Tarak Mehta', 'prathamupatel2005@gmail.com', NULL, 1, '$2y$10$8v5T8Z9Iq4p5Gz7V6fH.ae2g8v5T8Z9Iq4p5Gz7V6fH.ae2g8v5T8', 'faculty', NULL),
(10, 'Not Set', 'Prof. AT Bhide', 'bhide@gmail.com', 0xffd8ffe000104a46494600010100000100010000ffdb00840009060712131215121312151615151715151615151215151515151515161615151515181d2820181a251b151521312125292b2e2e2e171f3338332d37282d2e2b010a0a0a0e0d0e1b10101a2d251f1f2d2d2d2d2d2d2d2d2d2d2d2d2d2d2d2d2d2d2d2d2d2d2d2d2d2d2d2d2d2d2d2d2d2d2d2d2d2d2d2d2d2d2d2d2d2d2d2d2d2dffc000110800c2010303011100021101031101ffc4001b00000203010101000000000000000000000405020306010007ffc4003b10000103020403060404050403010000000100020304110512213141517106132261819132a1b1f01452c1d123334282e10715536272b2f117ffc4001b01000203010101000000000000000000000203010405000607ffc4003011000202010400050303040301010000000001020311041221310513224151143261237181061542b15291a13433ffda000c03010002110311003f00f9fd9542f136b149c4c35490592c008057338a5add100431c363f0dd33d81f72f95a80321137c4a510cd16123c2b98b1dc3b2647a019704409605c71555c81ad24902c171c606ba73292231717d5db37dd1a9601db9e017fdb1ad1e2935e4d6e9ee543b8e546006789a3671f50bbcd67794be006695e38dc2e53673870722adb6e3d426c6cf9113ab8e03239c9171a8f256528be514e539c7868b2393c944a24c2cfc17c92868f3411adb1965ca28a6084bcdd3a5882c15eb4ed791a3a201aab45f25e94711c033216dd3f2d9576c51daa8b656288e4a9ab9602a8686e2f64fea582aa5986e1951c401b2b0e1c14abb1396060fa404dc2284925c816d329cbd249b4814f9a0ad27e4a5ccca6d64d58922b4b7552681e57594e11116ca9926aabdd24917b490cccb33859cece4df8d2b065bbb6fe60b04f4071d602f9949c174f0dc02a4808ae8c068b2e670b00401a19e1fab11fb01ee5d2850191a565dcb910d8fb0d16042962c7306c8e3d0b65e111079f2068249b01c4ae38cf330c9ab5f99c4b29c6dc3bcf3ffc52a76a88fab4f298ea2ecc44d006b61b016015795ed97a3a58aec9bf0086dab12fcc90df2622caceccc2766d94ab2443a20c4159d956eb6714d8dccaf3d3a33788f66646dcb75b724f8d8994e74b427a3a9746eb1db670fbe2ac42582ace193430c8d70d38ab51cb5929c9a4f045d4a49f24e8c92455955294bf0308a30d6dd21fae45c8e2b8824d3172b50a947b33edd4ca6f0895340e246e98f6a4260a6e4b230a8835099a68650bd7cf124875844632d915b5bdc983a5b93ada22e8b293d55f8add131ac6e1363184822eaa4e2e2cd5a2c8ce392b965b1d13a15ee5c94afd4ca13c40f4844801d8a0dde5bc0e505aa8a974c124800f3499ea196a9d04577c8056792479992e3a5438408d95c92e29b1d19c9213bf0f6d962e0f40812480341504b1f61f112c0511089e223c2a19290ad8d4018d7096784a67b00cb256a10c9500f1a940c87546375d21635836471e809043511066fb413992a23a5074716e6f26ee7e40a19bc446571dd248da53800000580000036006c16749e4d88ac2c0439c140cc15b9f75c4601e53a2938455ca501242b99e99165792319dabc3803deb46877eaad572295d0c722dc1ea75eecf1dbaabf4598786656aea725988fa394b480ad4a0a45285d2834987976609118ed65b94b7a22c0dd86eac28cbb2ab9d69ed41f030377451adcfa0277c2b5c96b9b98decb468a9c572616b352ad96504c0d2365625158e4a51b249fa436b22d8a5d325ca2c6b20d624421b817e09775b5297a98dd253a8706e11e08362b9d52ecd75318f0c6d3e11a99cf335c17543c35ba5966bd65727cb37e3a19c2388a017cc913d557f259869acc74052c04ee87ebab48efa1b1bcb2029c734bfae80cfa29023697c17baaa6827c8a6b99605004d0ff0f68eedbd13002ac459a216121537740107608c3725317403ec32a9b62a1848e508f12e44487144752ba42c6d4fb238f4048242220c3e099a4c4a691c6e599c74ca7201f22937bc44b1a659964fa04122a26b22e71d375d80932a12ea3ae53d48d17608c955549606e54a39b10d53c9d54a40362e98a342642dc6a3cd0b879129b07ea1162e0f9e1796b85b707e6aec4cd9a36b3bc5869aad4a537d987aa9c5708ba8737a229c1641a2d963f01460b10558a6398e0a5aa96c9a686622cc0109957a5f22f559b209c4262a62ac3b52e8a31d24e5d96c9186d94c1b9f60df08d2d25d97535c824949bdece8b7a052b799b03635efb8be975e4b5d6376727b8d1d6a35f014dc1dfbe755bcbc97ba2a9b0771162f52aa4982e4543063f994f9480dc48e0b7fea2a7cb476e3a3031f98aef2d1d910b8d9a3a27b60450aabf62961b1b61eff00e084d17ee7ab05d9742c24276ee818686b82f1ea98ba16fb0aafdd432510a31aae474869879d4ae6031cd3ec8e3d0b904b4a220c0e09591c35d55debc36f239adbfc4e25f7b068d4ee93745b5c16b4ad27c9a3aaed208fe06171e399a45bd0d8aaf1afe4bb2b1ae919daeed8553de06568683f08d094c55a13e6cdb0aa4edab3e0371267b90ed00b0e24e96b2ef25b27ea52ec0e7ed74b25cc6c16d402edbd17795821dee5d03438c4eed1d2c63caffa23d8853b5fc9749883da2e5a1d6fcba5fa70ba8d8b24ab258038f1b12b5c1cc2d06e012742364c8d3cf0c5ceec2e5191aa66590837041b58efba7a4d3c329b69f28db8a7cc56ac258461d95ef931950c60e8a5c5e727425169c506494fa02ade9fbc199e209e132c80d93e55e5952ad46d8f213f883c0295471c913d74b3e944e73700fa29abd2dc40d535646362211df23ac79fd105f24a5c8ed1c64eb7b5836192117079af23e258f3783dd78667c9591b36ad263d1a1220ead4685b445d5a029030567141c9760e21feefe4bb6926684b768e8a583115d61f0b900c61d874bfc20133d85844eff02861215b020246b8201637e69aba16fb2fafdd0b091c8dd6175c8e61f85bae4a86060774db2647a1720a6a220c1d5e092b71196668074ced3c8bc06edcc7892ad96160b142cb212d0cd23ec6e1badcf1bf92445a2d49367b0cc01d7735efcc4d80b03a589d75dcfec98ec42a353c9a1ecef66e20ea899ec0ed7ba8f336fe163407b85f897dc5ff00ea973b32960b5554b96d19a870b00c9100435af25a7fe84dc0f4371ec8f7e50a75e1e0b5f81b7bc1258e997c209ca4b4581ca8bcd14f4e9bc9d661c75b6c4ded6d074e481d81aaf075b84c76b385c7242a6f2138e560cf613421d512070ce63d1b9b5b0b9f7b001589cded2bd15aded346b29e9f65a9a5966a4d98bafab6df24ba2d14c586e16b5789ac1e66f53a67941cd7e6163ba646ad8f22ecd579d0717d91015a58331b3b75c41174885e3b0d67a29fc5017556f5b8d1d1d8a09a653472124af27e22b161ee7c3a5bab4c60cbaaf17c1a00d24a73651a94c4b203781b51e105c0179b5f826a88994c2dfd9cbfc2516d17bc15fd9992fa2eda4ef3120d9a1298d40355f0b900c611875fbb08fd85864c7c0b8916b0f1424a0fc19fa94c5d00d72195c543091535da28448c7063ba86031fd31d1363d0a905b5102276388af91a76743116ff006b9e1df50abea1705cd276c6cfa76bb82abb8bfb08c94e18db8b35c7404efaf2e0146ec92a2582ba2630b4bf51a796814a1864e6947785c1c39d814c10d72348c02d0f69b8f3b206128a3952fe165088685754e4c42d8a70ea611cb2484fc66f6f2ffe94e9742a98fa9b1c46f200216e786d4a752c9e5fc73532aaf784130d4fe61a2d4f21c7ed3cfbd6a9f162e0f3ad7d1595d7266cd2dcf6f4581be7750a7f24ba5ff8f279ec037281d8df4585a68a5ea60b2bdbcd04ac780e14433d9cbb2cb3edba6d9bba7d3551894d238662b07c433b8f41a1c6de0650eaab47a2fb07c1e667e2cb5fe9eead56b82adacdc48d3c0236250543a85190b0338e2d029c9183e1398776125f4588a0290ddae4bc8d0bc3dbfc3099ec2c9ca0e550c9048b8a12427087788a38f40b0daa75d73251168d141c32c2058952c063ea64711520b694608257423bc64bb1176750eb1b7b8ba45fd16b4afd580f8a45499a710399a267d9ff000378733c1124739a425a9ecbb5a0e4748331e2eb81e89d8425e4532e122371d351c789ea513e85e5a634c365b5dbc0fd52dc46c6792d98e96401316d63b44c88a93046c7739b969f611b7ec04176c661966347df35eab415f97048f07e337bb6c6ff00249ab48c165ad217640679cb9e19316d7456751baad39ec668534bb6196c0a58bcd2257a2dd7a37f20b2136dd21c9365a509245b87dcbb4589e22b0cf43e1b2cc07110b68a8459a84302a189f525cf759c36f7572ae8a57767d1e1840b04cc0a4174f4fe485a09308cb6401e0f83be019068a1f435762f73747250d0bc35dfc34df614fb2f97e150c916c475284245b873fc65147a05f63098a86123d7d149031c1dda950031f5326445483188c12baf88b986c2e46a073b20b2394369928cb907a69eedf3541ae4d48bca04c4ebbba69cad2e3bd8024f2d823882f962364b5f3eac81c1a76713626c40db86e13d41609f317c15cb055b1b9a48b4f2736fc785f5d8aec00ec4df45986d566b1b11d41085f40ae2430aa759287362c9ddaa342a47a06e97d7a70f25b9a0d04271564cf31e2de2f65327457f1cb0d8f31e0b6e3b62f83cad9e64d72134f0dcea145966170169f4ee4fd488cacca484d8c93592ad95b8cdc41a57a894913183606e9ec75556c79e8d0d3adaf9056c8e2ed1267848b756e73ca2e94e8abc56597ac785808c30e5d564789f2cd6f0c5880c6392e5518ae0d6c190c7ea1d1d4666b883e5d55daba28dfc48facffa738e1aa86cef8d9a2631393515f56216e791d6092f731c9c456eed2417dcfb15d80b27cb5cf0630bbd825d89653f1257b8df609c2c7f0d33d85fb974bb28648003a94019ca2fe61471e817d8c5e54325122ed171031c14ea570123434a9911520c6946096b0ae384b8930c4fcdfd0f37e8ee23f5f755ad861e4bb459c608364dddcd291693e4a9f8ab868c63c9e61d94224c6f9cbdd024f552b8789847add4e4e76f1d14c4a3221f242a2642100c8fb9b04443430c3e56b8969162c397c88b03ef62b6747aece297fc1e6fc47c2965ea573f23086617b2d475cb1930e3a8af7ed252cfe200262a96ccb113d4b76a8c0b2aa5d2eab464fa346cae3f7605a2705458da3a88c64b2857572173ba298bc21362dd3c22c636d64a72c96e1051475b1dddaa8dc92236394f90a91a0582c4d636de4dfd24545610c2921baad13417464bb551e59c5d5ba7a28ea3ee1be1959dc37bd81f95d6d4703d4234d8adab045d8fd55513dec970d3a01a0f55323a1138eaf94688467255492b4b0029630027681992df631744f0875da4262e85becb66759432500b9daa00cae092d2238f42e4f91b59430d1e7ae3863819d4ae02468a9932026416d28c82e695c41eaaa71230b0ec47b1e07d0a86b2b01464d3ca32949546290c52e841f43cacaaca38782fc1b92c8ee4c4e26b74b74b2596100d557c6e171eca4e626aeae1b347df35290b685f24c6de65493d238d983753f654a444232b24a31234559e23ad8dee3afdd92ae538b538768da7a38aaf63e73d9a485ecb075c07117b6de4b7b47e2d1b6389f0d76782d5ff004e4e164a74acfc22bcae0eb90b527a8ae50c45e4c1af41a8aaecdb068a6baaafa5d220b1c972f96ef4a17444e6b8d945b2ca3b4b5b8cb8e8203984f9aacf7e0bb155eefc9caaa7245daa6ab12e181a8a5b59883c552e69b10ac3a54970538eaa5078920dced908589afadc3b37f41746d5989a2c360160a947a35d74637b791ff187456e9e8a1a8eccc36670d2eac60ab919c153961246ff00612dae4745fa724a3c674171aa9da0ef2f81e328558b64267e87a2164a2583c9a146ba03dc22a9cb992801dba00caa2fe6238742e7d8dd857048ebd4121f819f115c048d2532380a906313012e6283b05a4d813c92ecb635acc98fa74f3b5e228c36247bc3213a16bdc3fb776fc8855f76ee4d2b2874bda2291aee0e2a01eceb2277e62b8ee4b0b83512058299493a224049e484ac37b1e1bf5e28b06ff87e97cb86e7db381b7361b9468bd2e0d4d16511b5a0df4b6a75f55976426a6f833e7079c87c50db6b8fa7b2e8ea2c871913282970d043b0e63c5dcd17e63428578d594cb6ee33edf0ad3d9dc71fb14c98069e17117e63f50af53e3b5cdfa8cfb3c1125fa7214d5e0f230ea01ffc4dfe5badba75f4dab8663dbe0fa9ade5473fb15c13169b107d426cab52e532b2ba55bdb38b5fba0c34c1fc14d6dc3822eaa36ace0e328fbb775543c4e7be28bfe174f959469f0c86edbacb8f46f2e80f18ec6fe25e1c5e45b92746dda56b6adc08dff4c99ff21f745f50c4fd3a2f1fe9b456b6775baa8fa8617908f7ff009941f98fb953f50cefa747cf63d5aa18688176850844f097ee8d00c3e4e2b8e027deea092907c6ba27343285ca4e2e2e527076067c6e500c8d2d2a380a920c6a3042e18b89556ed46de23d97b4fa273e67c202c62ab2b406d8dc806c785d5654bb3d7633d168f4e9718c60c8cc6f2bc6b622e4ee1a46e48e239ab724b1c17b55a55654b225aaa792e4b58743622d7171c884b6799941c24d328324bff1950733b1c123f70a503b5b7845c4860f0905db5ff2f4fdd1472de0d5d268947d535c8339c3d53f834f763841d434f6f11dcedd112442590c633544c8da1b13dedd9c7f4499d30976887521bd2d6c96b787ad9799bb4d5cec6d0b7444262ac7b6f720f2b8d7e481e8eb7d10f4f160f5f8c3c336692e36db87156f45a0564dfa9ac7e4753a384a5fb0a5d8b026c63691c56ec28b2b5e9b1877784d3726a493fe03e82a232465d3c8a6ad54e3e9b57f279bd67802af32ab8fc7b16d61f1ea14eb70eb4e26269e12858e33586869478831a002b354b08d15243587168ada142ec646511931f603651bf24705527699834469b2324c76819cd46f7f04f07c86900caae95d14386a507b8c2785b774485fb86bb8ae2418bb5501027f5ae4730f85ca4e2d0e5c40cf03778ca906469e9471e1cd04ee856b9194e92cb9fa571f20d3630dcfddb017126d7bd82175dd74739dabff004f4fa4f058530f327dfe46d3d4922db0ebba653a78c397c910ad279029a3cc2db72ea3543ac5fa4cb1196d62caec289399872bf8df506fbacc5a894161f28b30d47a76cb942ca78248757916dae2e751cc01a69c55ea9ef8e519fabd32b5ee8f6396d3878b9b6d750de0c975b4f020c46789999a0dcf21c7f609519cac9623d1a5a6d36cf53ec4c2173b61fe168a8705e6dbec3f0ec20bdc2e6de9c94a8e0997a47afc21e36b116e88c884d7b91fc0b87f49f65c354a2fdcb2288df65575766cad85c0ce0a475b46958493ecaf2b229e324668483a83eca567dc28cd35c3116372d9d6fca3e6775b5a18ed8397c97e84956e5f22f8c68aeae8b505e93a09be8a1bf906715ee68082581aed6c3437b1050a4971edf0799f10d1576e5ae1fca274b85e61ab89055f5a3a671538a3c1dba8d469ec9556be57bfc93660c41f8cd931e869f82bc75d7679612dc241d736a94f4752f61df59635d81d5d13187c57566bd04251e1146ff149552f514e66a9fedb023fbcc8c7c4db681609ea3057c4f443ee17b13c2cee982d761c78a82412daa82415df1a84485b149c5d4d0bdee0d682e27801f76432924b2c28c5c9e123454d46295b99f674aed9bbb5839ffd8fcbaa5d6e57cb0b846e687c2158f367b035462323ee331b1fbd82bb0a2b8f383d3d5a5aabe92e0bf02a6264b906cd17f5d826c98bd65a95785ee69853b8ec0fd128c7f322bb6170515be2f6e0977acd6d089dd9fb434b05ad6d163a2be5f62ac668da5b9ad6b6e7cbcfc959d3d8a32e4bba5b9a786626bea240c2d8838464ef7e076b0e014b4ed97e0b6aa8cecce3905c330ccc733af6bfbabd5d7b5705975a8f6398a8837826038435c2a986aef4528afa89630862234455dc4846b88dc110c437b2cbd64f32dbf02a5364d67b0491d512e48e8c7e3b26663f4dcfeab7ab8a514bf06c571da9010c38646d9da9037d91fe0baaf69e1a3b4d4b90e77f0d8733cd7322eb938e224ff10e73bc90941adc39a19b873faab7a5b76cb6fb33ca78f6877c1d897aa1fe89d455f00b76ba7dd9f35d4eb70f1028a599c1d7be9c546a231da4f87d96b9f3d17d5063f72a946e943846bdba4aee69c9827e1d883ea261ad0d58316223b858583d2e41a4dcf443ee164ee1a42201761ae7a80814bb550703bfe30b91c38c3685d33c31bd49e0073282c9a82cb1d4d52b25846e30fa2642dcac1d5dc5dd7f659765ce6f93769a2352c233b8897be67d813636f216d16e68d254ac1e8a8d90a964943427771f41fba7b9033bd7f8a34d80b6c1c0340db8203235af2d36c68015c51ca241ba84bb5e20c8cf05b658dec064071384bd8580dae2de5e6aaea2e8c2194c7d2f6bcb32b896192b72c62d96c0efa13736fa2b5a2d6c143323674b6d5f73ec9d1d3d9a07bab8fc52a4fa615b66e9365ce628fee94fe45a90e70e86cc1e7aab11d6d4d19f7cf3361395356a6b7ee2b272c8d5b07ee71780b12c9a94db16d9cb2038ae77e56b8f207e8a60b32483847749231d8b7f2ddaf2faadf5c1b5141185c7de3d8c1b6524f90d905b66c8e40be5e5c1c80f16243cb3f29b21aed5359054d38ac7b9ca66a3ca5d9d141d4a77eb7f7431b22de1328eb209cb9e997775737e0bd357abdd527ee7c8b5de0de4eb250ff1ed7eccebcd8582aeecdcf92d469508e2284d2e61c4a7ee8b28285917cb3a2677e6497059e8b71b649766629ea8af3699eb992a96e85dcd1000b44fb1501261b239404521daae38e3207b9e32b1c7a02546523b07d330cc37b9608c0bb8805e79b88d7d06cb2f5166f9611bfa5ae35d63882900df528230c1d3b9be8518946048eea3e816ce9dfe9a2fe9e4dd68198c4e6c7363cc2e1201278d903b60bb666ea279785ec1a933d5c5748ae4e260e2b3357ad9e368129324f3c02c4bad9cb8397cb2891ba25edc558191622c55fe3711c34f61657695848d2d32f42fc82c62c2c8d8e7d9e210a5c923f89b6007905a3158465c9e5b64946083addd0c9e1321f4125634a5cb128adc12ddd38fdb20d00e2a4774ee964fd3eb6d562659d327e62327583331c3c96fc7c532fd513657035ec746044e939e503a01b7bdd55f15d661f97133f5d272946201da38b2cde6e01dfa7e8a9e9272f2fb0a87ba1fb0331324dbed96105c1f15b98ff3fa26e9e4e322bea96621064b05e93c3b50e59adfee78ef1aa97a6efe01a6a8056924cc2724c19cf6f346b70b7e5bec865629dd316eaa9fb9867158091e999c2f274ba2c0392ea68f55192520a795c115c6ef15d41c6a7b1d58f92a1b1e5018d05ced35d361ee4245dc47258d3c774d23e88c68bdf895411a6dbc60997008f38070d998af93f88fbec0f1f92d18df0aa94d9b34c7f4e382b8e4cda376e6b26ed65b6bc478414a3b7991a5a66598d07700274534b9322c7993659744060be2d967ea5fab02e5d92559a4401d6496b71d6d6531a1dd28c7a43ea8e4ccd5bbe227f36bea41fd55b9512ade3b35ebc612447be6fe61ee10f953ff008b0f64be0b60734b80b8dc711cd72aa795e9604d4945b34008575a69195c9c281927a3dc255cf15b3a5d17b9cb0653e0524545c901a42cc724fe181c6e2df35674cbd65bd2ac4ccecc7c375a515c9a6d8ffb3f0658a36ff71f524aa5a87bed6ccbd44b326d8abb4dacff00da3ea55ad2bf43fdc769962180685bcd31b2d1ece330238108e2f1860c965603a765c11edfa2d3d35be559199e7f57479d54abfc7fe8888cdc57ae5248f0728392c15ba9cf34d8d88a9669e4fdcf0a73cd1ef423c997c996705e5ba3dc1e0029c9d826c72825175eea4e645a355071b6ff004f296ddecbccb583d2e4fd42c8f16d4baa3151f72fe8e3db36523f700eaaad3a8dd0727c17e2bdd95c3f09278027db555d6af2f190a7de17b9979273338bce8de0158949becd7ae2a11490652b6ee681b5c7d54c79685d8f116cd1be4006a405a518b7d190a2df40cfc41836b94d5a69b5cf03969e4ce8c48db46fb959975799b21e99679653518ab80e17e16092e290c86962d9289e4c799fa9d4957215ecda88924acc44c96212f8481b69f50b79452c1b74c3d498a530d008c3db791bd6fecb855ef15b3425de8876af832923c2a5c3fa8fba174d6fb4779717ec5f057bc1f8afd4059fe214571a5b4854e8835d048c49dc40fa2f332d247e44fd347d99318ab38dc7cd225a692eb901e9a4859da0ab043329075277e56fdd58d2d4d6723b4d16a4f2239e7b34f2b5fd95e84392e7b1a8c1ea43626e6363603e4b3aeadbb1ed3367094df085d8e55c60b5d949dc5f6f30aee8b4964fd39c1774b4c9e53134b8b7267b9ff0b523e17f322d791f92b6622eb681bf329cbc321eed850d3c4694f885c073edcb41b108ecd1e17a0cbd5699427e90799adcc48d8eab674b393a929768f05e23a6f2751258ef92a7395c4b2654da5c9ccc99b589de8c7daebcf767aae8f35a50b4164b1ad50c244c2205912755c423e95d8a8ed4ade6e2e77cec3e81798f18966d48d6d22f464b24ad2c95c4ec48b8f2d811e8aba86fa9451aeab52a963d83dd29b10363b2abb527c895159c88ea8b637386c1bf765aba6ae76e31ee68d59b12c1561b5ee7c9a68003d797a6eb7a8d0460b32ec66a288c6be7b63391dcf5575452e8a715f0417592db06fe032e322f332b3e05ed0570d52977c8e4f81ad5bad1103834fcc7f95a6deeb9228d6b3627f932788fc1d5c3e87f60b6bdcdca7ef16222e86e12dbc83a15c57d4bc563a7ae33910b2e08ec63559be26ff4b1f9225d137b960800d2bcae440871893c6df21f53fe16ae860b63ca2c53d64065a97652374d969e29ee44d8928b35b4103bbb6e63c35e64f159138a6db421351e102e3d6eeec38382b3a29e2e497b8ea33b84242df2db44d8a46403a8cdc16fafe8a4a7ad870984536b7051d53c3c1e4bc72852ae367c707a66705a74f2788d5f584131d36811b9722635707cf18fb2f3a8f58d05c4f673479165ed963e6a3824eba78d712cabbd8efadd7108fa66012b19046c2e00868d0f9ebfaaf2fe2754e57378e0dfd355255ae0171d9d81ec21c2e458d8f9e897a5ae5b5e51a5a78ce29b6b8218462808735fa163b28f3076b29bf4d2e251e7245916e5c7b89716acef2573868dbe83a697f92f47e1da6f2a959ecd6d2d5e5d6b219810f88f40b4720eb39c219b9eb8a491e63aee091aafff00197ec4b584102171d81f65e61424277c576cf4cd2c1770df4e8ad515293f508bae6966275d5ad7b5d9dd9401b5c0d86e6fbea360aed55adfea7ca2296de250466dae33696cb6d79ad53771e4bcf793bfedbff6f92227ea7f01984e1de22736c392e2bea751e9c6068ea23cc2e29abd7c14ba91e391f5521ab60cac35c2f716593e28fd0904e516b82a95fa2c6c702db0795eb9223267f107de43e561ec16de9162a2dd7c441837338379903dca65924a2c8b39583706cc680382f3d2972212cbe40aaa0cd1bcf95fdb54ed34b6db17f91d096268cf10bd322f34591b54a191584174b0bf30f09d6e3979fe8a4abab945c3b090c21d63a25593d8d4be19e7b575aba894112e2bd1550583e5da8b5efc0d631a04992e4b717e947cb8b2ebce9e983a8e89ae1ab80f65d923014dc2a3ff00947c9764ec127d1c4cd43c15db88c11a7a68dcf037248faaeddce03aa1ba697e4d8d38e0b335d2ccf08f574a4b811634f3de5afb01efa9567431fd279f7352bfb3059824d9a4398eb9411e65ba5fd8a5eaa8508e6254b56de80a579ceeea6dcad7d168e9a7bab45aa6ddd143decec45c1dc351aab085eaed49a1fb295a37d51233ddb27d13965c82ed666f21648bd371fc08b37b5c00d163e1ce21c2d6363cc2ce9d29f3129f9d87892185610f61b71d6fc9221e99f23e5ea83c19dc5a32d8ec78b81faabf5c179aa45bf0797ea38ff20d85377577935f51d8c1c78a2c95d7c05e1009cda720bb725d88d534b034744e4b772467bbe081e6d0db8ae8cf70daec52e88365dd677884b948e9be41a6635dbb47d1676d40ef9202a8a3fca7d0fee876fc0c8d8fdcc9ce4e624f1256d5717182469c5f05984c59a78c79dfd8149d467cb626d66f9b87876ee592aa5f25577b5d20918732d6b5fd5315715c8afa89e4ccba818d711976242f4354b74533595b2924f2111461a3401340949b645eed41e46fecb809acc701753083b8e882c8a945af9325fa658404e394d885b7a14eca62cf99f8b591d3eaa706bdff00d970a83c95dfa632ff00b963d8f9fb602bc8e0f79921246a707648f76146d3b2743405ce272636c205e58edcefec157ce245dd22fd489af91da83b5f45916bcb6cf470ecccd7c80c8f3e67e5a2d9d32db5246ac1a8c503432657877dea08fd515d1dd02bdcb2835b0662d2761707aee12b472e1a2ad366d581ce115404818363a7b7d957d036f2b23e748885a479b2a09f3168e71c80e3b86870ef582cf1b81fd4392c6aac7178652baadcb8ec1e86b7c3607716572518cb929466e3c1756c19e23a171e006a6e8d3c16f437797729645b855249c5aee5b11f7bfc959538fbb37f51aaa73f721c370b73b7d143b92293d7d71eb919c26381b6240e7aea522526df265dd74ad96e620c5bb441b2786ce16e06e87057734807fdedce7079160387922870ce57ed926174d581e0b83c385f76b8103c8db6f555f5709396705c8ea6bb398b2def15163532aaa9f2b49e40a9ae1ba49070596651e56f630b06b2e116e0b2659da7aaad7d7983c15ed67d1e17822ff558eb828c9327def9aec91b4498b481afb9d9c3e6375ada2b331c17f4fcc31f002dab69d0157b258da4cbafc5702c36075d83cb4f65c65ea2389648ba369372b57c3ac6a0e2bd9ffb3e7dfd49a483d4ab25eebfd1706c6aef996988b4da6c747cbdd03c0b97eebcc1ecba2bc84ff529da46497e14f3518248490db895d823269fb1f481efce49b31bf33a0fd552bb84cd1d12ccf3f06add462fc6cb37626f936636bc990ae86cf3aee56fc2b5b11b51798a2a7d379a97002721861c6f1bb9dc1f56e842a093aec32ac6d4f80cc1bf9a0f204fc96896a5f68f9aeb953916131b7c9267a8ae3db024cbdcd2481d1798bf5b152784293c211f6870f7467be8ef6d33b473fcc02b3a1f10564b64b8f8285f5e7d48330976ce2d7374d6e459c7c8700b5796c447239829c0b9e07ef4523144aeb2a1ad1a2939b32f5f8b926c75f32a45b919cac7c79b30dfc910960d1547881e1c94e05b901b2a487dedb9e86d7fa26b8e5618952c4b28d17e20b45dae3a81a6e1539531668c3512481eab10796916bdedb21853b64996aad5a52e40636b9e6cd6b89e40127d95d76452cb66bd7aa849765b4d492b1ed718de2ceb1f03b97440eea9ac6e5ff62ec9acf06ec173da2cf0d16f558537c90b0b9c004f353b4e5754dcf26ddc7d9a836c9f2a2c9f31ff00c485550c323349003b8ce1ccff00d82653a8969e7ea8bc1d1b9a7d0b9b48c06c0b4db93815aab5f5632f3ff45c8cb772585b9507f7287f8a643906e172024b798bfb285e20dbe8a9a98e5642666e841f2faadef05bfccb5afc1e0ffab638d329fc3c03062f4fb51f39f325f2629c178747d4c4b54354f8f4225d9535e799f75c4265e1c79ae41334dd957901d6246bc0f92ada94b05fd1b6b26adb23b4d4fb959f28af834eb6f266b113a85ad5fda6ed0ded2b1b7a236366770b3e27fa7d152bd7a919767dc34c1bf987a3bf456473e87f02cbd549e7b018c23d954ff116fb2ea45837fdcff71561ea82b5bc2e2b19c15ece85550e37dd6e22b0551b8e6df82e0c598bb8dceaa40664eb8a912c5ee46299538e87a14711532b76e3a3530521cf01d0244bb2dae8ac213884a78a86b2834cfa6e14f2608c92492c6dc937274e2bc6ea78ba58f934abfb5024e3c67ef82bba7798f26843ed0371b1d34d782b0fd87e112aef106076bd75e039ab8becc815c565f064f1f8c36539406e836007d15bd3252ab9e4b504b622cc0e471241248e4492152d54527c206c18517f37dd27e044fa1c4ff0fdf30bd1ff004fff00f57f0cf13fd5ff00fc0ff740abda33e5a7ffd9, 1, '$2y$10$kWEP5THOz/0ZwC0pkniZz.W62lu9fwjKOh2TmltWcMOQKI4GceIRe', 'faculty', '933993'),
(11, '103', 'Sujal', 'prath04102005@gmail.com', NULL, 1, '$2y$10$GZ4jJRTw/2zKvs8R2SDTcuoVWiGh7jLaZbK6bETgLVZr8zv6035bu', 'faculty', '344454'),
(12, '106', 'Prof. Champak', 'champak@gmail.com', NULL, 1, '$2y$10$6oiQxKnphIRjgycJ4Uf05Ogh9bci0zk4DQRR8br4iRX203X2pyxS.', 'faculty', '225886');

-- --------------------------------------------------------

--
-- Table structure for table `marks`
--

CREATE TABLE `marks` (
  `id` int(11) NOT NULL,
  `student_id` int(11) DEFAULT NULL,
  `subject_id` int(11) DEFAULT NULL,
  `mid_sem_marks` int(11) NOT NULL,
  `exam_year` year(4) NOT NULL,
  `declaration_date` datetime DEFAULT current_timestamp(),
  `is_rechecked` tinyint(1) DEFAULT 0
) ENGINE=InnoDB DEFAULT CHARSET=utf8mb4 COLLATE=utf8mb4_general_ci;

-- --------------------------------------------------------

--
-- Table structure for table `materials`
--

CREATE TABLE `materials` (
  `id` int(11) NOT NULL,
  `subject_id` int(11) DEFAULT NULL,
  `teacher_id` int(11) DEFAULT NULL,
  `title` varchar(255) DEFAULT NULL,
  `file` varchar(255) DEFAULT NULL,
  `file_type` enum('pdf','word','ppt','photo','link','video') DEFAULT NULL,
  `file_path` text DEFAULT NULL,
  `uploaded_by` int(11) DEFAULT NULL,
  `upload_date` timestamp NOT NULL DEFAULT current_timestamp()
) ENGINE=InnoDB DEFAULT CHARSET=utf8mb4 COLLATE=utf8mb4_general_ci;

-- --------------------------------------------------------

--
-- Table structure for table `notifications`
--

CREATE TABLE `notifications` (
  `id` int(11) NOT NULL,
  `title` varchar(255) NOT NULL,
  `description` text DEFAULT NULL,
  `notif_type` enum('exam','event','general') NOT NULL,
  `target_dept` int(11) DEFAULT NULL,
  `created_at` timestamp NOT NULL DEFAULT current_timestamp()
) ENGINE=InnoDB DEFAULT CHARSET=utf8mb4 COLLATE=utf8mb4_general_ci;

-- --------------------------------------------------------

--
-- Table structure for table `recheck_requests`
--

CREATE TABLE `recheck_requests` (
  `id` int(11) NOT NULL,
  `result_id` int(11) NOT NULL,
  `student_id` int(11) DEFAULT NULL,
  `subject_id` int(11) DEFAULT NULL,
  `reason` text NOT NULL,
  `status` enum('Pending','In Progress','Resolved','Rejected') DEFAULT 'Pending',
  `request_time` timestamp NOT NULL DEFAULT current_timestamp()
) ENGINE=InnoDB DEFAULT CHARSET=utf8mb4 COLLATE=utf8mb4_general_ci;

-- --------------------------------------------------------

--
-- Table structure for table `results`
--

CREATE TABLE `results` (
  `id` int(11) NOT NULL,
  `student_id` int(11) NOT NULL,
  `subject_code` varchar(20) NOT NULL,
  `subject_name` varchar(100) NOT NULL,
  `semester` int(11) NOT NULL,
  `mid_sem_marks` int(11) DEFAULT NULL,
  `internal_marks` int(11) DEFAULT NULL,
  `final_exam_grade` varchar(5) DEFAULT NULL,
  `status` enum('Pass','Fail','Pending') DEFAULT 'Pending'
) ENGINE=InnoDB DEFAULT CHARSET=utf8mb4 COLLATE=utf8mb4_general_ci;

--
-- Dumping data for table `results`
--

INSERT INTO `results` (`id`, `student_id`, `subject_code`, `subject_name`, `semester`, `mid_sem_marks`, `internal_marks`, `final_exam_grade`, `status`) VALUES
(1, 17, '', 'Cloud Computing', 6, 15, 12, NULL, 'Pending');

-- --------------------------------------------------------

--
-- Table structure for table `subjects`
--

CREATE TABLE `subjects` (
  `id` int(11) NOT NULL,
  `sub_name` varchar(100) NOT NULL,
  `sub_code` varchar(255) NOT NULL,
  `dept_id` int(11) DEFAULT NULL,
  `semester` int(11) DEFAULT NULL,
  `faculty_id` varchar(50) DEFAULT NULL
) ENGINE=InnoDB DEFAULT CHARSET=utf8mb4 COLLATE=utf8mb4_general_ci;

--
-- Dumping data for table `subjects`
--

INSERT INTO `subjects` (`id`, `sub_name`, `sub_code`, `dept_id`, `semester`, `faculty_id`) VALUES
(64, 'Mathematics - 1', '3110014', 1, 1, NULL),
(65, 'Physics', '3110018', 1, 1, NULL),
(66, 'Programming for Problem Solving', '3110003', 1, 1, NULL),
(67, 'Mathematics - 2', '3110015', 1, 2, NULL),
(68, 'Basic Electrical Engineering', '3110005', 1, 2, NULL),
(69, 'Basic Mechanical Engineering', '3110006', 1, 2, NULL),
(70, 'Data Structures and Algorithms', '3130702', 1, 3, NULL),
(71, 'Database Management Systems', '3130703', 1, 3, NULL),
(72, 'Computer Organization & Architecture', '3130704', 1, 3, NULL),
(73, 'Operating Systems', '3140702', 1, 4, NULL),
(74, 'Object Oriented Programming using JAVA', '3140707', 1, 4, NULL),
(75, 'Discrete Mathematics', '3140708', 1, 4, NULL),
(76, 'Analysis and Design of Algorithms', '3150703', 1, 5, NULL),
(77, 'Computer Networks', '3150710', 1, 5, NULL),
(78, 'Software Engineering', '3150711', 1, 5, NULL),
(79, 'Advanced Java Programming', '3160707', 1, 6, NULL),
(80, 'Web Programming', '3160710', 1, 6, 'Not Set'),
(81, 'Cloud Computing', '3160714', 1, 6, '103'),
(82, 'Mathematics - 1', '3110014', 2, 1, NULL),
(83, 'Engineering Chemistry', '3110001', 2, 1, NULL),
(84, 'Programming for Problem Solving', '3110003', 2, 1, NULL),
(85, 'Mathematics - 2', '3110015', 2, 2, NULL),
(86, 'Basic Electronics', '3110016', 2, 2, NULL),
(87, 'Basic Computer Programming', '3110013', 2, 2, NULL),
(88, 'Data Structures', '3130702', 2, 3, NULL),
(89, 'Database Management Systems', '3130703', 2, 3, NULL),
(90, 'Probability and Statistics', '3130006', 2, 3, NULL),
(91, 'Operating Systems', '3140702', 2, 4, NULL),
(92, 'Object Oriented Programming using JAVA', '3140707', 2, 4, NULL),
(93, 'Design and Analysis of Algorithms', '3140705', 2, 4, NULL),
(94, 'Computer Networks', '3150710', 2, 5, NULL),
(95, 'Software Engineering', '3150711', 2, 5, NULL),
(96, 'Python Programming', '3150713', 2, 5, NULL),
(97, 'Advanced Java Programming', '3160707', 2, 6, NULL),
(98, 'Web Programming', '3160710', 2, 6, NULL),
(99, 'Information Security', '3160717', 2, 6, '102');

-- --------------------------------------------------------

--
-- Table structure for table `users`
--

CREATE TABLE `users` (
  `id` int(11) NOT NULL,
  `enrollment_or_id` varchar(50) NOT NULL,
  `name` varchar(100) NOT NULL,
  `dob` date NOT NULL,
  `email` varchar(100) NOT NULL,
  `phone_no` varchar(15) NOT NULL,
  `address` text NOT NULL,
  `password` varchar(255) NOT NULL,
  `role` enum('student','faculty','admin') NOT NULL,
  `dept_id` int(11) DEFAULT NULL,
  `semester` int(11) DEFAULT 1,
  `profile_pic` longblob DEFAULT NULL,
  `verification_code` varchar(10) DEFAULT NULL,
  `is_verified` tinyint(1) DEFAULT 0,
  `status` enum('active','inactive') DEFAULT 'inactive',
  `created_at` timestamp NOT NULL DEFAULT current_timestamp()
) ENGINE=InnoDB DEFAULT CHARSET=utf8mb4 COLLATE=utf8mb4_general_ci;

--
-- Dumping data for table `users`
--

INSERT INTO `users` (`id`, `enrollment_or_id`, `name`, `dob`, `email`, `phone_no`, `address`, `password`, `role`, `dept_id`, `semester`, `profile_pic`, `verification_code`, `is_verified`, `status`, `created_at`) VALUES
(17, '241263107033', 'pratham patel', '2005-10-04', 'prath04102005am@gmail.com', '9722719870', '41\r\nVejalpur', '$2y$10$TbkKpL9YFo3xZ/0CF/BsAOwFFOBgVivM8SYqJWYNq8pEyPPRu09NS', 'student', 1, 6, 0xffd8ffe000104a46494600010100000100010000ffdb008400060606060706070808070a0b0a0b0a0f0e0c0c0e0f1610111011101622151915151915221e241e1c1e241e362a26262a363e3432343e4c44444c5f5a5f7c7ca701060606060706070808070a0b0a0b0a0f0e0c0c0e0f1610111011101622151915151915221e241e1c1e241e362a26262a363e3432343e4c44444c5f5a5f7c7ca7ffc2001108022501af03012200021101031101ffc40032000101000301010100000000000000000000010203040506070101010101010100000000000000000000000102030405ffda000c03010002100310000002fa929144511445114451144511445114451144511445114451144511445114451144c7382ca00000000000000000000000000000000000000960b2800000000000000d46d789c91f4cf8c87da3e2394fd05f03e81f5cf0bd43a4500000000000000960b28000000000000e5f37e4e3dbf175524c843132b8c336232b96b3bbe8be429fa53e0beb8ef1400000000002582ca00000000000f98dbf2b0804195d791324133131b912e30d974e46796189f6bec7e67f5a7be280000000012c1650000000001e3fa1f9f46bb32261962142d1716266d62d94c596233d74cb2c28ddac7d27d27c07a67d825a000000012c165000000001e21e0f991088016d13641264306dcd79dbacba26c966bc764498e78196586665b35647d67bdf9efdf998a0000004b059400000001f03f67f9f431a24a25bd069eddbdb8ebc73d1cb3af31ea8f227b189e4e3eb60797abd6e7b3cbc7b746b1cf3663ace0b8a6cb8d367da7c57d69ee8a0000004b059400000003c7f8cfa7f988c6ca017bb0f4b1d26dc73c74cf6619c2d54c721af1ce46ad5bb05e4d5d9af59e2d1e8e8d67826c6f96332c4cfec7e2bef8f4050000002582ca00000001f25e07bff003f0a85d98f64d766fd7b797666ce19cb55449942639c8d586ec574ebe8d49a79fab56a795875f1f4e2163ee3e1fef4f4450000002582ca00000001f3bf2bf75f090b713abd3d1bb9f5d9ab46d5cb3c35d9d5b7cdca3d4bc3bb3bea6b45c35e9adba3463ac6c5c8c26cd4bb3cbf4173e52ddf3c7f4afcd7f4a360a0000004b896ca00000001a3f3afd1ff0039831d87ad963c98ebdee74bd374e166fd33033dba24be8b9d9ad185d4cf7725b3a71d39a14adbe7cb9e6c3bf46b3abf49f8dfb302c000000639625b28000000073fc7fd4fca73ebafa77f9c6d9ddc69bb8fb71973e0f4f9778d79756535c9a3d3f365e37b5d69e0ee9d55aa75c5f3bd5e6d8cf274ecca6b0e3edc4f33d0e6e830fb8f88fb2b368df3000000639625b280000000795e1fd67ce72efabc9f4f8d3d5e5ede68b77e79df1deb95cf9edb66af2bb6a75e533cebcd9dbe4eb3e963bf29ae4cfa69a9bf18f3ba75edd63ccdb94adbf59e27bbac06f0000000c72c4b6500000000795eaeb97e6b5edc3977e82c7177341db7ce59e870e1b6cf3fd0bb26b2ce659bcfcbddaebcceaddbee79e7653867a1234366b979f56ec359f7fba5ebc428000001867819594000000000f17cfe9e6e3df6e5ac6ed9cf9e35be6895b31d7b0d5cdd3aeb6e7c9acdb31c8dbbf5d8dd973647463ac35b1b35b3cb59f7fa39ba7a710a000000639625b28000000001e66bf5d9d7cbce8e7c7494c6d2693a2f2e5674e38973b8d546066e7c19db969df59e5666e312cf57d6e3ecedc02c000000018e581959400000000003caf2be8fe739f4cae371d33d7925c30df2ce5cf3c6dcf2d59b59cc314d930da98ec9232c709194c7b758f7733b71000000000619e25b2800000000003c2f77965f9e62e5db3cb56535b72d7b218e791cbafbd5c5b77c8c267ac9ad8518e3667f4be4fd0ef906f0000000000c72c4b6500000000000797ea7c5ea6d8d7c7b6d499decdbcb4ecd9c99675d339c7463ab136e9d7aae7360ab306b3f57dbe0fbdd3880000000000c33c0caca00000000018f9567a3f19e97076c678e3b7cbe8d3b66997a31d794d152c20c68994966586bd766ccf05cf4fdafc37d577e3dec72e7a000000000619e065400000357362f763e47371e9ebf27958565a75dfa5e4cf4e7a8cf3c35f1ebd6c76797d3c9abd1d3acf3e5351b9a246fc74ab66bbb2cd5b7648c706ef4716dd77af3e9f6fe732cdfaeddf25d3e3eff0048f1bd0de7a46a00000c33c0cd286af2acf6b97e779b79f6f8fcd8bd78f34d677e8d73736a6b3a246a651112596f4f26ef17afa1865cfa31d94d187544e5744ad56ea1a337abcca76e56a55b88c33d77376ea99476fa7f39966fd8f5fc36e97ecdf3fe9635dcc72cd619e263e4f97cddf9edd58ce99b242c0409432e7dfcf1d90ab2cb2639e12e575e59bbf6f1ecf3f7eab867e7ef71a8c71cb5598eaaf6f9617af39412803092c0171a26dd436cc69bfd4f152fd86ff8af439ebcf8c7be1113288164a512ad4d3d5af9ea67ab6ef3659616983392e35973e98776eddf37d7a66ec7875c38fa674cf9d9f6727af846197b3cd51acd416e34d6f6b5fcff005792f4f5f5c703b9a9c2f476e2f9197b57974f1afb0cdf1a7b786f3a36ee78bd115cb6961ab0e874cf33a567367ba8c33c796f0f37d39df9f953a6fd0f3733bf662f9cf5e79bb79fdd679bb58b9baf84f5f2edd96f97acc7391cda3d0bb9e668f6677e5e365e8e9f570e4eac3be5cd67ccf58114251280006458802c2596a541412c05898e78d65162012ca464bc1bf765b98db316582a014c59419089512950a40144052190802820a002128965128950004a99616ae52454c892c82a84850010aa200002a02c0c92c01494618ef3b6eb89b1a95b5cb379eabcb4e972d97a1cd8eb3d7af82f5c756ad7abae3a35eac7a67a72e76f1bb2e7abbe6b635bb2d59e6eccb4e39bb73e51d978f566fa18f1e75b5aa6b39b563a9bf2e7cacdd75c5dd34611d5bbcfd58d7b17cf98d756bd2ed8cf1c2f4c679686b3d187317ae7213ae7263a7665c30f42f9d0eed3cf959bb5c9a929a98e58d8ca1a2c4455634850b9628ce605ca16428160006342b1c71aea73e467856f241502c04a26508a22c2810562432c728891bc85c58b5091931a64292c280058410b051090cdcae39eb32c048b95c7240a9622cb0b2880508c6cb8d94994ca33d195cf4965df310ca4a4a86565a25008b0ca5240b16084639e1d3c7a68b1df9504c6c972b8e454b62290a400a31b8ca2010cf0cc0d21232961284b28b0652a96012328b640a210913bb87d2f0fafcfb8df7f8e9092c96d94b65a11290252ccf2c6b44ebcf974e27a1717cd9ea6dc6fcce9ebdde7ebe6bd24793cfefb78f067bdafa4f16fa98ef1e63d3b5e64f56e75e55f62e5e2df6aaf88f72c7897dab9be1e3ef4b3c29ef6167893d7d7b9c1d584f37a7987d7f9d604843323b771f1fdf69c37952eaec30602a968463430d856508513082e544942605b360944014080a18e21e70f4e7fffc40002ffda000c03010002000300000021630c30c30c30c30c30c30c30c30c30c30c30c30c28000000000000000000000000000000000000000a000000000000001062823860000000000000000280000000000004b3ede9ff00ae2280000000000000a000000000006fbe8ebb278e9c10800000000000280000000007bf5ba8b6d8ae8e0d76c0000000000a0000000002ff00969e7449eb914fedf9800000000280000000164dee70f70871056a065b7000000000a0000000069b8c3b6bc98efa078be2ac00000000280000000321f6217312182f9fb73db7000000000a00000000fe62dd25d403d07dd62e2b80000000128000000036df02b574c0d0e67a557a8000000014a000000004a2c83697599d584c193a14000000042800000001084fc8280604652c487f71000000000a0000000016ca22c9976e92b38b8db8c00000005280000000003b5ec96f83760d5611949000000014a00000000002b711d7d4c2aaa2f28000000000052800000000001e8573e1a87720897800000000010a0000000000051362aa5c6daf256800000000000280000000000048f2b2051c7dc008000000000014a000000000000078650b0e31b1a3000000000005000000012c12d3bca504df800da24e010800000140060f20ce29a9e3ad4d9ff8a561d242a35c430050860642859b095542f796cf6bcb1628baf3bf39309374f62a00b54411ac2aa324d3a68b9a23a112e57882c92ea05ddafbe0cb059bb886f9253324a100ceeb98896025bd53bc56b8868f20d3d4e1e0c85d13fa821692faad3963712bbc5c13e7ed92cb0c4a187e22309f0a63923de652350cb2034568514fd2d67d13207aaf43a2865f75526a2df53321a9b0f3dda291087acbce31cb73e8f8f90257414210b65b3439bbec77dbd76f784bc735b1e8ed20214d11a207b31d759a3dbfefed21437f4386829d1890664803d30fb55c001c7fdfc2753925752ff54fec02e54b6df70075d00175f7400a2f8077e84371f0df01c81f07ffc40002ffda000c0301000200030000001030c30cf2cb0c30c30c30c30c70c30c30c30c30c73cf3cf3cf3cf3cf3cf3cf3cf3cf3cf3cf3cf3cf3cf3cf3cf3cf3cf3ce36dfbdfef3cf3cf3cf3cf3cf14f3cf3cf3cf3c9f092383420dcfcf3cf3cf3cf3c53cf3cf3cf3cc9cfd3ac7ce3a96ffcf3cf3cf3cf14f3cf3cf3c8e89d24ee9dbcf763d334f3cf3cf3c53cf3cf3cb18af78a52e0810fe4a24f7cf3cf3cf14f3cf3cf3fa232e490fea006fe73440f3cf3cf3c53cf3cf3cbe4828b46e3fefdc56e5bc3cf3cf3cf14f3cf3cf0d1049cb7d054b13315fa48f3cf3cf3c53cf3cf3c7b1a6013b8a2c91c7c18dc7cf3cf3cf14f3cf3cf2b87150572369719ed5e266f3cf3cf3c53cf3cf3c866ad33c024e8264b804dd3cf3cf3cf14f3cf3cf0fca1cd896abca7bd9391ff00f3cf3cf3c53cf3cf3ce147892c5e170ec78733753cf3cf3cf14f3cf3cf3ce08ac207ba2476b474f7ff003cf3cf3c53cf3cf3cf3e43b2d207a53b7a1796f3cf3cf3cf14f3cf3cf3cf0b654e735c9338adff003cf3cf3cf3c53cf3cf3cf3cf955872893a6abc9bcf3cf3cf3cf14f3cf3cf3cf3200ce8a9791aee16f3cf3cf3cf3c53cf3cf3cf3f479bcce1498cbb4534f3cf3cf3cf34f3cf3da9020851d94ca5953d6cfeeef34f3cf3c73c73a04d9be7d9a1bd3262c3a5965e9eeefc3cf2c0b1ad787d78b9231cc777fa95e859a0a6aa298dfbe16fc1055efef474782962bc71400cda0b16171649b45604065836499255d51d6ed17c0dd6681f74229f93a191134945534a887029b846e467d420b6464371c89b75c9fea538e3cf09c797ddb609935b4573338e322447aca53cfb95ebf81bf05a4ad22179b18048292024b5d7af78284a00f0bc2edf79f6ea413e60bacbc741ea52b81780a43949a4acf79443ad94dc0bb60e52c84574d637b1ec13ed37abacb2f31e77c9aa6df577139fd2770c62e832e5e0b2a345deaed6f492dc48539c81fd2b816bf0dc99c3082fa085d07f0a209cfe37438ff8e10e10fc7df8e38fffc4004c1100010302020506080b0505090000000001000203041105210610123141135161718191202230325292b1d1141516233340728293a1c142434562b2445354d2e107343555606383a3e2ffda0008010201013f00ff00a06eaeaeaeaff55beaecf0aff5227c811a81fa81f24755fcbdf59575745c8bd5fa55fc01e54eb24053541048084f2fa48cd21de572ae5cb1de9b314d92e81d7c7ca9d73ca064d450d4422104d7a8e537b20750dfe5e47ecb494e39aba0afa8a28261208ba63839bab8f953aa4739ef36ec5b2c1bcdca0203c0a746c4e6d914d09ad8c6f45d0a0584a89db0eb5f2d43ca9d4d86571becdbad7202f9ccdec04a6c0ce123cfdc5c937849ded213a1908bb4877515c84d6fa277726d3c805dc433dab926036bbddd5608c0c1fba77acb93841dcfef0842d70da6bd484300248b1174c7070b8f2b52f6878078054d338b2469cc6ca7ca5d03c65704051b80099334816214b2b0efdea124cb6e84ead6871018481c54af05cc703911928e40d162d29d5213e5da1b85d31c5b091c4bd4f988ddd1d8a95fb45e3a8f95ab8c899afbe4e54ae003db7ea09b9b9cdf4c5bb56db90939c2329e0334dda8e2738f9cfc87522a3bc9118ef98cd8b9478c8a2f72da4e246c30ef02e7a09529ca21d0a91966171de4f95959b6c21460b643d4549915b513cdded20f3b6d9f614041e93bd5ff0055b7037839c7b87e4a479738a0dc935e0232b09f1da09e7dc4a2611fbb3eb14650df318d69e7de7f34d249bdd3b32c4c6ecb40e61e58b9a6671039d481660ada2b71cd0e4ee49bad80773ac888804e2b3d4c19a91af3b3b2d27a428f6b61bb5bed9f96e422da2ed9cca905ae398a29ad272e28c440dcac7996c9e641a799089c7827b5ad6ef5c53066a216637ea152ccefc0a210c96dbb9d091dc735b4de62b6f98145c4ef29d7280513769c3ea323439a42736c5108a0e210924e746479c8940dd590175047617fa8d3c224e509170d6fe6516dc22022db84410b35c531877ea63325b0581a0f1683dff508a19253e236fce552d33a28de1d6249552c7413c8ce62886bc656bab39a89077b559886c0e0b326c1323b5894d05ef6b1bbc955713be6f65a4d85bcacd8851c06d24ec07d106e7b829b1e1b4194f4b2c8ee9047b2ebe0fa455663176401ef0364101e013bd470c50c6c8e31663000389b0e25385962d4bca422668f19833ea41f628480ef5b00ee217249b121b0d08c84ac3a84c6d134adf18ee07804d65d5551f2cc70610d92de2388b8bf0bf42754e2506cfc270e7e66df3676c83d20213372db0584ee0f16f0e282697cc61239d370c94f9d201d59af88e99ff4af73fa0dc8eebd947855344008eec1ccd0d6fb026d342d16d807af34228a12361806d100ab6a20105a771588d1be9a6dc7609bb4fe8aeb6dc1095cb9429a1ef706804926c00587e1620b4b358bf837804734d160ad729d1b1cef198d36dd717de85253f8df34d20ef0731dc53b0ca5b8d86f27d0dc87727e19e849d8e4fa4a866f8c9e919eba7c398dce4f18f3705b200002b6b0a640df31a9c33ba91914cc732460734ef0556605236efa67ed0f40efec29ed7b1e58e696b86f0458aba8637cd23638da5cf71c82a0c3a3a466d1b3a5233773740406ab2010f38f5a3e04904520f1d80a970d3be3765cc7572727a0eee4637fa256e39ea1beca7ada264e217d5c025bfd1991bb5d56ba6119b788b65d7a885b2157e2b4387b0ba7973e0d1992b17d2d9ab2f1c34d1319c1ef1b72767328f11ade2f69eb6854b8c6214923a48e70090011b008b2c3f4bd8e01b5819f69991ee54d594b52c0f8256b81efd65cd682e73835a01249dc00cc954da774e66984f472363da3c9ba33b4e23f981b28b4cf02900db7cf11e67c57fe82e5f2b347ff00c77fea93fcaa6d35c159f46da997a981bfd642974f47eeb0bf5e5f7357cbcaabff00c3a0f5dca1d3c66426c34f5b2507da15463d8d54dc4b88d411ccd7ec0ee65822f7defb4ebf3dca05c1e1d73b438df351e2f8b45e662556db734cf5f2831eff009ad5fe21526398d4ad2d7e295641de39572000e016038e3f08ab92411edc72b036465edbb711d21334d7073187b84cdfe5d9b953e9ed000791a29de799e5ac1f912aa74d3179c9d91144cf4580dfbca9ea66a8797be424f4a17e8ba8b0c64581cb5cf1f385b701db834b80161ce77a748e273283882a3aea98be8e5737a8aa3d2dc569c80e9b946f33f3547a7140fb0aa8a488f3b46db5691e93d04b853e0a29f9492a3c476446c338defc4f90ba286acb595c2dac14d52e2159241f077cef3103933ab55b58289f02fa823a8a08f8210015937780a382791a0c70bde038825ad240e3c136299e4ec4323ba984a7b1f1fd231ccfb40b7da858ee20adfaae8eab6ada1ce3bd65a8e6d08a2980bc80c6971e668daf62386625607e0351f86e430ac508ca82a3d42860d8b1fec137680143a378ac8dbb991c5cc1efccfab74746715f4613d5205f27717bff00bbb3f159ef54fa2f5af3f3d2c518e825e5334529079f5533ba835bef50e098544cd914ad79f49e4b9ca830b653b2514ac7ec12368175c036e175f07abcbe6a5ee28c3381e344fb74b4a752519f3a9a0ed8da9f87e1aff3a8e9cffe36a7607843b3348dec73c7b0a76018439b6f8281d21eff007a1a33850ded98f5c9ee4347f076ff006627ae47fbd3706c21bba8a2edbb9330dc3da7c5a0a7fc26fb90a082d950c7d908f72761d4bfb541176c2df726e17417ca820ec887b957e054552cd911881fe931807784cd15a00ebba6a87f45da3d814386e1f000d65245dad0e776975ca8e09c8b3227db8581017c5f5673e4c756d0430eabf41beb05f1654ffdbf590c2a4b78d2b6fd0095f153f8cedf557c58de3507d44dc2d9fdebbb828e829d86e4177dacc21147bf936f7051b58d19340befb0b6b700778056cb47008b233bd8dee08c103867130fdd0be0b4dfdcb3b908611ba267aa100d1b801d415ceab9e72ae6fbca9a28a670db17b0c90c3a947ec13d6e2a38a38f2631adea0ae822822ac56c81ab244dcd933738f004a65431ef206fd433450f2051367bbac21bb55d03e067a8ea1c5305c381e24a8a95ed7b4b9d70d39208e4af7d4df08a2562d57f04c3abe7e2c8cecfda70b043723a86f1ab7780e76a1bca8cdcb8ff0031574ef001d57475dd3969855111c74c0f9ef0f775019209dac144a17e00a0d76fd92a6aea286fca5653b2dbf6a568f6952691607193b589407ec92ffe9053f4bf006eea891df6627fea02974df0a61f120a993b1acf69557a638a0aa7be94b6385cd0444f635f62869c63838529eb8ddfa3945a7d521a04d8744f3cec91ccfc88728b4f698fd261b301cec91aef686a1a6d81bbfc50e8318fd1c8e9ae07cf53f85fea9fa6f850f320aa775b58df6b91d3da21fc3ea3d7623a7f4bc30d9bb656fb93b4fe3b78b85befd337b9a869fce3f8647f8c7fca87fb40771c28764fff00c26e9fd37ede1928fb32877b404cd37c25fe7c354cfbad77b1cb19ab86bea65a988b8c6e6b433686c9c821b91d552e31c65cdc8ac6b4b74869de4435db1d51c7ee50e97e92cd60fc566fbb669ef6a76298a481a5f88d5bafcf33fdea4a8a89c9134f2c8399ef2ef6a6b5ad39340c93b53b7052f9ff0074208a1b97ed23b9313f70d451d450dcbf87c1d5faafffc400431100020102020605070a050305000000000102000311043105101221415113718191920620223032526114162333404254b1c1d115437282a16263e1446093b2d2ffda0008010301013f00ff00b0ad2d2df66026ed77d425a11f6203ccbf997fb101eaafaadebf2d475053364c14f7ce8b75e15846b10fad10ea552c6c250c2aee2c274148fdc1051a432403aa74286742b1f0e0ef8f46d0a9138ea397ad1af0b40db69a0d57368203a9a9de56a3b898467a8fae129532eea2dbaf7310580f345e5e5c47008369550ab6ae1eb46aa28b4e98eab985aa3642c2d09c408b51f8c53712d1898cd54e5053afc4f64d9a8b2b2f494ef6de351f5a266475c6c4505006d5cfc05e0c4b0ca83f69023621eff5683fbe74ac73a3dcc0c5af494d9b697ac4f9450bfd7277c6c452248505cf709d2d5b6d59147326f0625eff005c9e13fbc156b919a13d463e21d1b65e98ec32923d46b2ae46c654a6d4db64dbd6e02931a6efccda6328207a4c0589694e80a788a64644122fcc4a88cc46f36e31f0d501371bb81987a1514ef1e8dbbe6240e809f88022e009517a962784c3a101d48deadbc4ad419c821b701945c236e24802f29d2d93717b4a881b10a6db952e661773554dd6daed1348520a2930f88f5ba36b29c3bd33ed29b8ea331c87e89c7022fdb1f256f75ae7a8ee3020b6f8539133a31ce30152b2a8b6ca6f3d7aaafd15515781167fde055cc719612d14062ee3226c3a84c3aefac79b4d21576eaaaf051fe4fada154d2aaafdfd52ab06a43ac4a46ea26cd44164716b6e0c0eeed10f4ffedf89bff99b15db37551f0b93fe6d295308b602136319430220a4507a0eca3958301df02d5e357b92dface881dcef51fe04803b944205b70948d83df2bc762eecdccdfd72a38c3283bc802f289845e74621cac25985ac66d91c25dafbc8b413641968e458ca4d48060cea0f10654d8e91b63d9beef5df2aafb0136cda516bd8f3114c66b082a826d78205f888ca39c670bc77f2111dc9cad098f94aa6f51cfc7ec183a971b3c4180cce6c2f289b033dd37f07a76ea8cca058b83f010efc84510995dc2a13f61a4fb150188c0880c1009b34ce62045190969784cc555da6d9190fb0d47d92bf1311f648be5797b8b881a0b34b0d55180d556a7085b699ff00a8fd81ea2266655a81dd4898722b5143cc080b533637b4055840186465de1dbe73640952b5b708c76559db80bca2e2ed7399f5b4f0b88a82e94988e790ff00329e8a6b6d55ac883ac41534461c3fb554aa93722ea48e12a3bbb33b66c6e7acc5371346623a3abd1b1f45ceef81850110d1653e8981d9730674cb1abcbd478290517331d8c150ec27b2333ccc6328d708e0b5ca5fd2033b71b4187c2d4dae8716a6c2fe9fa371d661a6dbf66cc066577f9ed5113330e2d064a4cf97d55f6142f57ef9c6c6d673e96feb24c355ee2eddd0bbbdeec4d86ae32e6e0cc062d6bd317236c7b43f5844d813a24e53a25e518a22926c00172663b481ad74a6484e2722751d41885dc48e73a6a9bbd322dc41b1ef13e5556dbdb6be27798b8ae0cbdd16b536fbdaea6259ae1770f34ca7f9c339453ce23d4a4e1d188238cc36994365aebb27df19768885594329041c88de25a5574a48d51d82a8cccc6e39f14d6175a6325fd4c24f99f7479aaeeb9345c4fbe3b46adb5f7877c0cbcc4bcdf0e52961b1069975a154a7bc10dbbe3039f3fd3383502660b4762f187e8a9eee2e7701301a1130a769b10ecdc429d958d87a792dfbe56d1d86c4285aa85803702e47e5319e4e8cf0cc7fa1b295f0b88c3b6cd5a654eab40a5880a09248000cc932af93557613a2c4297b0db0e2c3b2d1fc9fd24a6ca2938e61edff00b5a7f03d29f871e34fde53f2771ed6da3453adaff9089e4c9fbf8cf0a7fccf9b543f1553c2b2a79347ee62bb19252d1b80a3ec616903ccadcf79bcb0b7b22585ad616e51b03827f6b0b40f5d359fc3346fe0a8f8044d1f80420ae0e882323b020bcd27a3d31f4114bec321bab5af9ee20fc0c6f26f1bb442bd22399244a7e4c6209fa4c4d351fe9058ca1a0347d100956a8dcd8fe8222a228555000e50ee1710628b63928827605ee40cc806fbe1863d3a6e2cc8187c45e57d0ba3eb5fe8421e69ba623c9ac42fd455471c9bd13345687c4d2c68ab88a7b2b4b7aef0769b87779a35713a972f346a1af8de31b5bb6251a48c5d5006e7a8ced971ab3d47cd1be18b979bc65f58d556a5346b33a8246eb9b46a94d45daa20eb611595bd9653d46f0832f0184883ccb6b199862e518851762075cf96613f114bc421c76086789a7e210e91c08ffa9a7df2a697c121b0667f8a8fded0698c11e353c067f15c067d29f034aba6b0ca0f468ee7c22369baff00768d31da4fed1f48e35db6ba62bf0500098ac73d734cd775256f636b4e928fbcb03d3bee65bf5c15f1032ad53c462e2f16b957abe230692c7aff003cf6853f98834a6381bf4d7eb55874ce3b9d31fdb0e96c79fe701d48b0e90c79cf12f0e331473c4d5f1910e26b5f7e21fc660c5d7e1897ff00c861c6e2b8e26a78ccc2e93c4d0372e6a2f2637b7546d378a22c29d2079d89953178aaa496aefd40d87708d513ef38bfc4de7ca68dfdaff061c4d1f78f719f2aa5feaee9f2b5e087be1c58e087be7ca89fe5ff00987147dd11b115185af6ea9b6c7ef1ef8c4922e49d57837652e66d37bc7be749501dced3a5abef99b6fefb77cde78ebb4b4a6ee8be89b4389ad6cc0ec8ccefed31300f304bcb9d605846cc764af82af41033a8b5ec6c6f6ebf5a05d563412d08d620d425a5b284d8a9e40195f1c9569b2ad2b3301b46fcad9776a1329c21f346a0268dc3f4f8cc253391705bfa5779f30f9996a0357011b75ba86a1e6107ccb6b13c9ac3ddea572372aec2f59ce183591be01a8917cc44c3626a7b142a9ea4262689d24d9612a76d97f38ba07499fe520eb7113c9cc6b0f4aa515ed2df9094bc9fc18a28b5aef5066ca4ac3e4e68ee7581fea1fb47f26696dfa18a751c9941fcad1fc98ac3d9c5a1eb4227cddd23fec9fee3fb4f9bda4b951f1c5f26f1a7daa94476b1fd27cd9c47e2a9784cf9b35bf174fc060f261efbf18bd94cfef3e6cd2fc63f827cd85e18cefa7ff33e6cd5fbb8c43d68443e4e63865528b7691fa4d15877c2e0e9d2a960f76bd8dc6f30c1c27083da130da17463282d87bf5b31fd62e85d14a45b074fb77c181c122fa385a23fb044a54a9b7a14d17fa4012e6d9eb5fbdd539c10e70f0d4351d421cb509c252fac33ffc4004310000102020508080405020505010000000100020311041221315105101330324161911420224042527181235362a133435072b11582063492d1f0246373c1e1a2ffda0008010100013f02004858a4305218290c14860a4305218290c14860148601486014860a4300a4305218290c14860a4305218290c14860a4305218290c14860a4305218290c14860a4305218290c14860aa8c14860a4305218290c14860a4305218290c14860a4305218290c14860a4305218290c14860a4305218270154d885c3d3f5576c142e1e9faabb60a170f4fd55db050b87a7eaaed8285c3d3bac58d0a136711e1a38a7e5fa08d9111dec9ffe21b3b147ff00527e5ba693b4d6ff006a196b28f9dbfe9472d53fe6b47f6a753296ebe92fe69b9429edb4521ffca8397e94ddb63227a764a665fa19db6446fdd41a651638f8719a7f9eeced8285c3b9d269947a336b457cb01bcaa465e8efb2043a83137a8b11f15d5a2b8bcf12a67c8a63ea55879f985c6af25e879af65cd1e0ab6e74c295a0cd41ca34d81b11c9183ad542cb50e3b83233746fdc771ee8ed8285c3b9651caed81f0e0c9d137e013e23e2bcc48910972b4ee280382ace1b82d21539f8a5ea15d78f70a40f894885fca9e285d782a5859c17fc92ecefb951e9f4ca31ec4425a3c0550b28d1e963b264f95ad3dc9db050b8771cab956f814777ee77fb662adc14f829af653182f42aaf055a56152054bd95cab4ef5353577a286f8909c224332e2b26e546525ba37d9107dfb8bb60a170ee1963290634c084eed9da3867e4a654f309a7043d731e282254d140c94e6a6ae40b98e05a6581592f28977c28f13f63b1ee0ed8285c35f95728b68d0cc369f8ae1cb8ab4fae6ac4dfd4921c1140c8da8fb2266335fd46db3cd78cd062c286facf6174bf9544cb712b06c4842afaa87161c56cd8e075ced8285c35d4a8eda3c07c53e10a2c5891a23a23ed738ab94c298eacba8119ef41118deadccd3229d7a1bf335d56d0d13e284481e2833388593e922144355e25bda98e6b9b31ad76c142e1aeca94f34a8e403f09a7b231e39a4aecf3cd2578521b9559a92aaadbaf0a59a4a59af1987f0884d921c7d9cb22528c46398e7dacddad76c142e1adcb74dd041d1376e27d867967f75ecaddeadea4b8ab155f64e6e0aa9b94b38ea0cd063ba0c58715be1bc6214388d890daf61b1c27ac76c142e1adcab49e934d791b2dec8cdff0af4ea0692a1d15e6f5d1062ba19f32e85c5745736e5a3fa65ec8b1c6f6cd5503710aa1c268c3e0aa1f2aaaa416feb05919d3a1370064358ed8285c3594f8ae85438ef6de1b621d50135a2fe4a0b2b5bb9040296792aaaaa2d4589ccbd54555384ba833e43738c1880ee3ac76c142e1accb8fab4075bb4e03ab720a0b09ddff00c405c10cc14bac5146fb95545b34e66622d52de8a1785917f01c652b758ed8285c359fe2277668ccfa89975a051c3ad721986a4a2116aaa8b5446a2acaad5bb31c564b7d7a1423c358ed8285c35997eda5c118435391cf2404dcd6a609097506a64a488442882c4eba7d5c886793e1fb8d63b60a170d665e6d5a6437630fa930a8f0c8ed9bcddc13730d6108ab13828d0e5322edfd5c942236850daf122358ed8285c359fe2267c380fc1d24ecf46855cd6370bbd501b94c344cad2ae9125d23ea4292d5a66e2ab02a79e77a2f9491a4609d1d69dcdbee423d6deab8b9cabcb6b9a2d9fba8aca8e473c2b214318346b1db050b86b32b4231683140dd6f25b90b17fb2a3b6ac3684f7551c55573cda8325c568823088c7356c534dc83ae559128b9389b6de09c66aa39c9b46c492b40d5a35524a1cdb628f0eb43388b95e2798a85f850ff0068d63f64a170d65244e8d187d050cce94dbe8a089436fa22bd556e215767982aecf32350f8822d42c4372055a894506f0576ee762319a2f30ffd4ba44395b119cd74a81e75a7807c68161f1852b3d95593104c137c318b82000000ddac7ec942e1ac8f2d0459f94a1bec325350dae8911a18d2e51a28a35563986729ae98e264d87eca749bce8dbeb6a1163b8c8451c64c002d255be9717da4118f0f7d2a90abb5db34889f644b9a65a5e6d9af8be563ff006991fba6d2215a0870e0426522011f892e053e9546036e7e88d2e1c8761d6dca5177d567a768f32b42d75aead2e2518943659a0694292ddd4786df64e8e27da6d5f6b1716ca5822c86ebe13547a38636bb76778c150ffce51c7d4a2d1dba38e7c4c71dfc542805d7aa0d118ea5c1e0eb46b5fb250b86b29427478a3e95a68511d2b95228b64c0b574982c890009d9b5542ca4e115ec8ad9c80919aa0b0557bf7ce413804e88e70aac1218ae88d8701ef94dc1bbd4374201d598e713748c951a1e962961f24e782731f0cc9f68c53586565ca902c63cdf3aa51b0a2673e2a8ff88f3e58762976665083162196cb553a0e84c2aad932acbdd448a627e254901e16c9318d143861f829381eca6ccdea20f8317f6154164eb3f09009c2a521f3c538c9bd95433a2a5c3771b75afd9285c35994a254a2bfeab1060426df44d20d284aeac53e1e918e6e2150a7a03887da9d6aa8d2a1c67b6c2cac13a8ac2670dc5a302a054820865a5c368ad23a73ac27e8a553b427337aa5d9a36ff72a2d19ad6825a0b8a74286e16b42a9d1e961aed97593e053182755e269d0edde7dd1b8b4b491815a385304420116d6b4ccfaa94d55516c8114fd055159568f0f8daa9400a45d820cec900cc2a8a13ab4263b11ac7ec942e1accaac9c386702aa0289ec9139261939b57d90b24a132a526910fccdae155b5545a2e28435a241ad6dd7aa96daa18e934b7bfc22ef64335360692159b4db42a3bb4d083b7ef522a4aa2109545555307c1a9be23c35112321b952c7fd4b3f6a694c875e2b5b894000001ac7ec942e1ac8b0c4586e662aa96d7694e13461d588cf508dea91f0cc18ff002cc9dfb4a9768a0d55154550a0d54f8ba387a36edbfec1516168a1009a8a2bfca52ab7e5bef4371dc45f9a4a59a4a5a4a64fc1047ffa2a4a92cf8b0ddc2498d59321d68ce7f947f3ad7ec942e1ada741b74bec501d9557b4279a424411306f4d79a2f622ccc3f044ff00d14c890dd73c2b310a411aa2f70548a74287633b6fdca1c27b9e6345b5c536e4114e548861d7dc9869345d91a487826e52a3f89af62fea142f3afea544fa974f61d88310fb29d263587e13785ae4d6b58d0c6b64022a3eca36355021d4a3378dbad7ec942e1ad88c0f639b8856b1ee61c56fcf29a341a3bbc32f45fd3a1ee8d147bafe9cdf9f139afe9d037b9e7dd328d021ecb14a6e9e1982b11524cb096a0d67942d1c2f235546794290cc51516e42197c46f14d12006b5fb250b86ba9d0c36356c736e534334d4d176631032735d2d84dcee49914117aae0ef5123cb13c026d2bfed909aeac66a68153535344e68a9936ba6372a346d2c20ee7ad7ec390b86ba33cbe238a9f696e5340aacab2ad9a69ed6bef5a268b9187bc5854a370421a105b7c9045565594d5644e6d0c58f310c4c84da352899684aa2c1d0c2abbf7eb5fb0e42e1ae8f402f71731c02664c026e7be6e95982baccd353535353cf356caecd22adcd34e74903340f53260fc476bdfb0e42e1dc292da91de33cb33e7b94c376a69b1586e72ae1072ac460ab9c14dc77a3100f12e90d4234489f870bfb9d62a8ef15a54365814b39541655a3b78ebdfb250b8770ca2cd87f55cd524e870cded0ba3338a147671e6ba21dcf72e8877c57ae8adde49f75a184df08440e0a798669e6956701894c6d56346035efd9285c3b84785a484e6abac39e79a4885685a4c42119be65a7fa969c7996941b95ae40669aaca79b27c3af1ab6e6f7089b250b8771a7c1a912b8b9ca7d69230c1468ec5d15aba3377042180a59ce7bcd8a87074504626fee11364a170ee34b8622407f0b7a80f5659ce62512a79a6b26c0af12b9b9bdc626c942e1dc69f4dd14a18bcde8df2ea028140a9a9a9a9e69a7394f34f364f686d159c6dee2fd9285c3b8d322578ae77d49ea6866b507aaeab2acabaae8bd17a2ecc4a9a9ac9749f88e82ebb77717ec942e1dc290eab022bbe95104c2066d6fa27055a4ab6692b42aeabaacb485562adcd344a9cd35515f56331df57717ec942e1ae738344c9517298ba1b7dd46a546890dc1cecccb26dcc59356b507a9a9ab149494b3d645caf40279b2437a87d92d50f284075e649ae6b84da41d7bf64a170d597345e53e9905bbe69d4d88ebac516911229b5e64a689b0a0884d35adcc5b34e8445ca645eab29a9a9a9a9a2e45c8041a89004d341369de820e50a33e1bab30c941ca30de24e127211e11f12041b8eb1fb2536e1a874586dbca75306e6a7d2a21f122fde5c9f4803600f52b4b14b4d6ab6dd9a79a5dacc0d5720735e9d081dc8c1c15578533c5565595aaa1421a0d464148b8ccddb87526a76ae924193402994b90ac1ea16539de2cc5329309fbd020efd4bf64a6dc3ab12970218b5e9f94c9d86735129d11d7b82d3cef7aaed3e232462cae4e8af29ae71be524d33884f0eacd14c76e40e792aab46168d68d68c2aaa49ce9294cdbd78864f69e0b491019828bab04224469b1d2f450b28456f8edfb2665760fc56fb850a9b468bb31075dfb250b866891a1c31da728b952f10c2894a8afbde8b9139e6738b930fc5f6ea1473b4a9f52c56220662539ca5a88be142d0ae57e60e2149aebac29949a540d97950b2c3bf319c943ca1467f8a49ae6b85841cf13f0ca2f6b19371958a9194f7421ee9f14b8cc99a9a9a9e69f55d72064f69e28dfd49679c935c0ea1c73cbaf17c287583cdcac2a4991e2b2d9a83955e36ed50a97022dceb704fd82a3522245da2a7ab72729d6634f0ea9ea08845e9ae0ebbaae74971d544da1e9a99a9a9a04850b284763647b438eb5cbd542b9c38f564a4a59ee3c7017a850e9076e4071bd687ea5a2762108401ed3bd9458511ae710e6bbfe5c8ba464e616ea77a0d7bcbde1848c75135271f0bb92a913e5b95489f2ddc95a2f6b87b298cf30a614c298eb8871626cb09fb289478ecb4c3e56a87b7715bfaee73597950e1ba2f01c14286216c43971debb5c15b8a2f95cbb53dc87ee9a74379f1fd97458ad330f4e755db12e285bb241eb5b76298da8d00274082e332c468b00f865e8ba133e6397421f34ae843e69e4850e16f2e2851e00fcb08485c005339a6715328b5a6f6b4a14387e2712840802e86159805660396636de02d0c137c26a345a3f93eeba1d1f03cd743a3e0ee6ba240c0f34da3c06f839e6281519951e45c37750d9e24d6c47ec4329d47a49b26d68e0a05121b4ccf6bd5550ad08dbeaa2c46436cdd70fb950a3448ce9c806a10c6f52cc42743695d0611dd2f4468b11bb3127ea9da46edc3e48106e39e8cdacf9f97bec93a1b5e24e1628943b8b1ee6fdd32867c514ae8907ea3ee99020b2e8633d519ad4379c153224dc210b6adaf5421f1a261541d4493a8f09f7b11a1f96291eb6ae8d1b73da78a86c10d81a3bf942cd47979a7d0db11c5e1d54ef5060360b642d26f3ab03f48dcbfd936efd53705bcfa26ddfa99b8af227bd8d2417b67b90bb729b7cc10730dce6f3523fa6dd791cd69a08fcd0ba434ecb4fa9b13e3c4bbe1a73db11bb0ff00e544ecd6ecf64ca6aac3dd69554fcb32c576cd8015db689b415a7882d9ca68c68d676d08d1a579f792e90fdf50fb21491e51cffdd18e0786df54690ff923fd4ba401b6c737eeb4f07cc56959b9695bbd69dbb87dd74afa42e92fdcd6a3488c8c78e3f30142911b7ae9313ea1c969621b03dcabc7f3855e9027715a68d77fe918f145edb1437870bfab23823217b805a585e7429102ed22d2c3f37d96959f5f25a766e0fe4b4cdf2b8a349c1bcd748897c8725a78bbe185a776f8242e90eb3e18e6ba4596413cd69a2b876612718be27cbde4aa5b3b3d95d7928ce5bc295669ed4a7c11b4036f34f896bcb592bb7ad28bfb7e8b48c9cfb7ca68c569f32d2b6cedfda4b4af70b0872bfc2ba3c5f27dd5488371f62111108b4bc7b2a9bab85a33b8842245179f5deabbbccd1ec8b9bbc8f5017c2b2d77b2153735c9d65d0b985589dcc1f6558d96b79aacdf98abc3df15bfcaad03e77d90751a56b84f92d240dc07345ccda98167995667ce6a27b27b60d899b2676a0f61f10559be6463dbf0c0f5463c52476a5e8887d959ee3eeaa89714daa4efe4be1936ff0008884d17b9570379f49aaf58ef1eeac1f9cbe18de5d2530f9f64f05dbc4aa910dd23ef2551d6931583dd5825f121838a3161fce9ad2c1dc02d2325bd5677a2df79e6afc534bbb22bbaf58faf54fa66905cd4bd573e6bdcf3559e2e72d23f11c9577f99577f9ddcd5be63cd5f7a90c159d690c066e2b4865b0149b75abb18735e8c523e221a157862e89c918b0f757e4b4ce958d03dd7488d885a58b8855dff004aaefc42aeff0037d95a6f71562e6a4dc1767ca1598292bbaacdbf75bbbdbb67308e478169ddf2993c517c475ee521ad975ef4dfc577ed5b877b89e1ef0730db7fec4e3264d54173ccbff89a7bcbfc3de0e607b4fb7c09d32d972462ba2971b246764b79dcaf79b25212ef2fbd89826e1ddf7e617bbf6adc3d1163499a94ba87bac4f02a309c4f6ee7bbac368fec5b87a77b7f87d551876278f796fe23bff1adcdd60d7b84ea8e29970eee54d51a188b1de27668d7428b21db6ae891be85d12918379a7408cdbe1947d0f2535319adea4d5618a98c54c62a614c62a7ea831fe47293bc8ee4adf29e4b9a985318e7684c75bd53a9b315318a9a0c886e639747a41fcb5d0e39bea85d05fbe285d05bbe295d0a0f99eba251f071f529b0608ba13533f122d8059d5995c9164275f0da8d128e7c32f75d0e07d5cd74481f5735d0e8f83b9ae8947f24fdd68600fca6a0d87f2dbc9546791bc949be46f2526f95bc9767ca392e4a6715338a99535ec11630df0dbc918300fe50468947c08f751a1b2155ab3b7150baf3404d32845df9bf65fd3dbf31cbfa7c3f3b974181c79ae8d471f94b4507e53568e08fca6a165c005338e61d4372099b51161d5398754e6176ace6a7135a10e0a0ef5fffc4002a100002010304010305010101010000000000011121314110516171813091a12040b1c1d1f0f1e150ffda0008010100013f21b0164710e21c4388718e21c43fe01ff00ff80710ff0080710e21c4388718e31c4388710e21c4388718e31c6388710e21c438c700e31c4388710e21c438c710e21c4388718e31c638c718e31c638c5a0f63e03ffaaa1f01ff00d550f80ffeaa87c07ff5543e03ed7b358828bd686dda7bb7f0a2bfcdb986f5d0769ec03ea8e4dbc39fe8b0c02f9fd09871731ec7f6ca1f13ece067c8e844821dbe855e3e3221ba5f249fa847f4713774887ff8144cc0aeac9f74122a1d85a3ab19a5d060b0ccc9f69287c4fb2ef74b8bd9abb2725dd0d90a406e895246ce8069550860fbcc4704ef0b81ff00644a741b3212e72dc26ad1d87e4fc094dad76510e8695f7fefd9287c4fb17c710bfc049ba4c2c8d194a362bac9f654eae2dafc0f846f830309b57148faba13652d98ec7d989262adcd50d3498fe10c036a3874b3571236f91d94fe38255a56db3b8a543eff001fb150f89f6185f0ac7620abe50e5590e43b69517ecb309a716622f6175123e127bfd3229d1f86258a19a08ab6a8cb19c50c94344b77b3ba183195818406dc3dafd8287c4f5e59740b6ee2a396db56a4b56c1534363190b92485dc90d3c71fc2e8a14fec583ca1ca12763aedb9d1235381209c128970e45b0a9003b38e0477f74a50b0a1c7aca1f13d6e1745bbc218754194475ab1b145e372c5239d21432c221c8e2b04f04c106eed0894421698e76648f0dcb5434fb973943d127128bcb57ca24c8c2e2e5c9546c29e48f2b34f047025db7eaa87c4f565252c646a2dc0b76267b0e5896263822e4b7828c9f23e20d2a5ff00a4bd8e151509fa36e8aedb9164ee8e52701ac12d3c1b12f215468a0f05331bd8ba64bdaf36795eaa87c4f55897c25d7dd12f85436494b63a2f27053a125c850a62ae496c084b3f72b0a51119225de095da093a7d6682cdf4215427893c8324dffe90bae88dcb1a21d8cdee2da4f02605e52d809f62a8f87ea287c4f5654cfc48ebd21cb94bcbf42e906f423e589719308c515c7c93889d06553e1d8b844f81b2791185993afd0949f206dcfe08db7ec685590deb38551e09d0c6270d09dc581aca2bfad8834d47a8287c4f518f57c8b5b6dcb43ad670612156c66474de3f44fa3170db343a362f7d9c02b8488dab1a1a6c35d858a7341abb0e8ba272fe06e889c105c8546d17a59e19113c3ea287c4f5202a1e4c7689743a1273569d0a59604e4a2e64d895dce2adda5fb14921595090a90606425c159f035a3331b74f8c8b535d868d3856c1088a46a2a40859d8c1ee54a98e49b759a8af1ea287c4f52ecbb9d07b4d913b0b47d1136560450b095921156457a0878d7a1a1ea153f9e475da9b177023c3a1436b72ca2c4a9258b1719c418952a2cf5143e27a8ffe2658ec0a6c2133b0940bfad8a8b8425e048496c20bbd208d88219b8d4e061cf506cb28f68cd8caec595b3374f23642b3f61fa8a1f13d490f83c31fc97d12129a24cdb7e8d82a4858913812b4490e2d02ef4982e3d206884f24023b40db4a987cd0b94f050b72a26dc8ac35632b9a18930e73caf5143e27a9db9f70c4525291b6ae4fedbc84309ee3f6116e56e48429d91d8d705156bc89f09859425dd12496fbca25e6b3c0aac656eec486624211c489b2528ff425a5a563fb108f6428314763023f235f2d7c8b44b0f8f5143e27a974052763252a36370fb1d4df2cb3296ff54524cdfc111295d2c5279e703194acbc1549a75eec2a92470c64552b71dee16eb90417b9308b21b0a1888525583855c695d931d654b15186dfb42e3257c2b0d8599168d21ff35e3d4fc13e27a9cb5f8cad2d97e8988ad245f64635077501537b90a8993c90e03764ec58d1fb9de3c17724edaa1eb2c2f92c0fe45282b7563dd9e3a62ffb85a5fbff004472f0e6718c1591e28fc039bdab8141ba7033976b0a70a897bb29b492178f53f04f89ea700fd458ca62702c1e0aa28c218b33d2435f52e8b262b2f155f82c14b95bdd0e944edfa066f3cc892ac5d4ff0004e4fc34a798a9fecef027b095ea06f706e87ec3dcbb6c951e62db32c92ec91ec5c84c979eff00503549e2c8e5bb95425e39aa9e4695646e2915293e0a9383ab5f0e048c4716b716a655ed8164a520ab3937217abf827c4f5366253d140e492510a831bd316052ef8b70443b726a4dc7ced92144e4e404fe0505de40a7cb3788a992b06e65c87c54f641d957f81d899bae4782b9245770ab973ef291193acf2243a7f9046fc0fd88670b09247e27ba8ee276dddf362520b680a9f72e7242916fadd318c8c624a9affb7abf827c4f5109645b5104a5490e8bf07816c55f5e4917c0762643512746ac238d6fc6c37b25ced743c3338f3460aa673615a2a4b4b3767c8f3cd565f811d82b351c147e8584a6445a68bf24acd41c3c95ba6acf28531dbd89155f0270b78d2fc5045f357c923734d33e889925a4dd74274dbb34e4e2a5fa9f887c4f53629b3e480daa1bd05044921a61213ba297510bfc8c9ab553830dde7b1242536b2448c02954bdfa255bdecd16a84dff00082faa77424a8ba1adbf249d9b1196d8a8a219b53a0bf2c460285e064e8ef6e47ceb116da4a178f53f10f8dea3c180e2c86a8391c29a0d612c1f2255c32911d8a81ca754f74f4205d7650bb12b057ea711bb91391bbd283558dc953b4da4a929a721259a216c2517120aa87f85bfe63e4491b3618936f04a768177eabf10f89eaa9222bffe27b0a1ee13ec6ec961ca1374c42a0362b08629b93617fd8732214a4785e61764c1b135dc4706d5c5b50462d1882892ae2b37dd745bb8d9a22cdf81e36fe0cf1f01ad226dd5679c0b356cbf6f9d4d029b9cd2b7acbe27aaf6ec0d2c76792a9e49b69194aa32bdef5ad00cd737eed3f9318a5b555085028f9111ca6148931dae866fec1417e2126caf07021a43687f891dd649472c4acb251eb2f89eb2c4ec98e4576274686132103d321124876479b04070d214ea3e40ab0f90c647a610a02759e89b2108641f0da86e45bd57e01f1bd67e30e83482e04ead16357b92c4902671156c8aadbd03b11d90f49d3fa4d949f22a581b224115cc6184d4989aa2ae2853bdeeedee42339bbb7abf807c6f5a6a65d3279e6514422af0d29d4eef4aec919b0207a296b4cab8d0ed51f0cbd7fc03e37d84659ae8d1b869b5381968234c1c967d946ac92c90b2ea26b248c89d941a65fb97463a0646e044736c5123c0f258298cb4fd86f8df616ce9e971414104cbcee5519957c87614a79122b1da645f880ff391914fcc42aa82c1b30252cb2c363baba2646b00ada45f61be37d86f445069b3b89c099221e244244356a471c4251113a8e11ce09de10921d0e830e43686ca5f622f8df63fe80620da1313e44c89222877523583b4499827921a88a346f9d12492d0ae12a3dcfb12f8df63c40878d3ce9644c4f45a1a1ae343b6a2c48c25cbfe9f64be37d8a1d39a2db2650c27664ee4e8a5c68a5fa3b7b8cac73d194f23455e6df63fedd9f1bec1b84d8dedc56e7815632687d0da106847b1d8845c4efa72b13dca1a14dc2dc6ca7f5fb1ff006ecf8df609db189372ac4db4299a1d052448d1d9939891d898f606e2a140d12163b488ca1fd9fe7ec7fdbb3e37accab24b2564ae452faf0884d27034bc88444a7b7f07deb7393e810d10209434d397a4a0bd4782a4b0d3f6152ade48f138f5ff00dbb3e3fa76f51609382c149b8e732745a1906e86a2f6294e5094482108f1fec8e2c5f827420977169c74be6246b1af41c9ac879e32d9185723115316d862f319918f2ec41287ea7fb767c0f42c889deed92ca0ba14e53ee4ff002cf81a95a54ae4aa8aa636c4dd0df2740fe1e82e06b22e01eaef71e210dd6a2ac3132e7168ba5b985b8b003fe82b3fc9bd853ec290a124ea98e8c05597545be2f9337e4124a5fc8aa5235e8ffb767c0fa1b494b7089c21f0aac476d6ec32a2e86d5d1f91bf2e56c264a6f9638555ec3589ae64edd49ab92494c7521fd2ba0fba8d682625b0d1e06a3a961a9d741182b8b524a7e28e09155b7163ad13a6062b61a182ae960c3d6099b9fd8668814c327b519f1b3a129fd5fedd9f1f499291f9c58fe5de0e47e4e529b12ae3de1be48b494396bbb2339295a18ba3b1509d14a1a6de274104c929b688dccdc31d30b42e1555df6394b83750c4ae537a9ee2c8da8251dc943b09c95070a345b5d329d8bbbeb3b0e2816cea8a64b7c84ff98972ce354f87f22b28885d21d9a6e465d44b249d3e85d94a23dcd79293bd08db4692f3d8ae90f392a5362c1ec2d85dfd0c652219947031d13c69fdd247b7b635062a14a11a4595572356a852eefc0f20d4f0c854b1f92d9adcb9fe9d8c14ee10f812f0c6d7a0ab8d1b90b31c8daa6c99fa28ef58178c09b44a783937f2f910553f43151dd996ce593c48accd887304567583682cb61842df8205a79d26f515da205525a27d01bbd47ab3c9f3f46e24583bc642c62d485d98cead1d8793dc9c5140d5a86ea06d22af6d5f809e523d065b07e50904896021139950eb809981ee8e6fc9e49e4c13a5744bd88440aecb183143c95aeadacc10dc560ee82c7ec8d373344889448f276c9e2a73974adb76287355a43d6d7f916798b3e44122390941264aad08f0679829eec4bc1e608bb48df3c9151cbb221bfa84f0b6cbb96f25756bdc632892c9d47faa29ca8ed892d3532b42a22652598c06e1be9d50d8ab0b2c456506eb4e3551b094125de0b0e843ea33c50cff00b0784eefe0166223f9582c3e6a89f13239097bb3907214bf1822bf4646bf2ea42595e080152c92f02a4a8ed0cc1ac9750d0dc00df7869295f691e876e485b8ef6e0ba4d5687b8a694194250ba1e5d10ea5e7c353661411683c84336b0827ebb54bec0ed894664a0727d89608e3428b03aa936ed05eae1588d72f7591f578ca3b1dd29277148f2fd7c68f02d1fa0ca18eb3360b5066d6193970a18bfbc3e52bab1cbcb20e02a890cf730ec446515f0cedc9b2b698bf7ce9e358e348e06a5aaeec217b1501a5c493c220c3de72defae7d67f4f8d11b6aee3d125189f820f1f43b320c273227a4d724c7263625d9d29be928a6fa492577220ad3ea78fa6ba783c7a2fe868463e8c3e865ddf1f4483c14d885b90c820f047d875e8edf4b17d7e74c3e89f8460b3f4c102fa115fb05eabfa2bf53c3b8262b852d5c45732cae2515b373fec9407bc0e06395813f5a49fab0262fb2914bb21c5a3b41ca9a3b54ac98b1482c9b369c24d53b2271a5f8746434094aa0d929dd1857438a28b3684bf1251fb1efcea34a5414cfb13b65622a2b3afc44755466a91f89abb32083da5ff00254c4931c85ee91507fc8132e7e610d7307ee3a12b12dbaf2c912913b09ed5d958b16fa15909c4db853b7b89b54d5caa8582559a0b7af1520d5c29564caa3e3f21ca9df525d04f285a6fa2dc7b0eb4fb8635e3e065b827a1d3a9f4c27a9485362506bfc217cbc851a464e2942c89abc16572d82b55213ad8aed2729bddd52633097b924a87249bbdda7f24347378b10a36917a24c8c8464b70dc9b64b670e8f025c40dc939589dc924baa24bf656492bdc874abb1d22824b79b49e5bc05049a6d36f722999be2826ba7f513e95aff091c6a18839166aeb2bf835a4e745dca1935d29a8da41561a15ab74f006e126d70c17d3f036c565ee09a70a28a4a6ec68564f6ac89250ea6c2a0d0a72d22866f9dc3693f948dd3d38ce476190a5d9bb25895c2459b8372a4b55e82155481ae0c665537418a50fba93fcb0ac96e8b151709c209521a4f9ab152b6b3095592935666420852c75910c75cf1712ad489794c89e47614652639dbf22a846224ab1568b3e361afd0b2aabc451c21d1a0f2dcee602695489fd98137d1d7dc6b0f744552dbcb18b450d2741ba52b5db2556444e251f642f3db3794c6e52f579634b4d0b76452aebe4429fd814cc9ba930a4d3694ae5d468c96bb7c86b237db92bba48d885d137d68cd8f610b81d9c15322a0abd9ecb97fc1b8a52edf251df4b11fb1a97ea1d0994a55380ecbf621f91c1558996d2ca312569c1502a4c7b075de2c21d0a3f21b74b1f1f81a6bafc8d73ee26bc8840e0b24b8f612a2831be0b1b0931e45318724d0f27814fd2dd11e459a0f737fa69bfd2f1a66c2e8786e442e8a55e8f23628b899d58e1b7b9bc511c1fb25ee574e20a7c15a7d1b12793910a17d2ed625b32746f618e06d6e49bd4b15dc7d3d3c693e05d14d69f1a535e0f023cebb162722b95ae8f49b9b574f2f463287f35f1a229ad2071591b7352e1159cd39be5d4e3a196bb5fe937b1138331ad2c4885454d7b192ea79c9bb274725a28331a792ed2a45e48b68e4d853aed6d27e08dfe9ceae092eb986331b779111455a55baa89edc1b4a294b6161a0345a50bd8f23b93d9fc37a8ee266e50c1fd372fa534c1d88c69ee727c064034fe69865dd345de95286d43c14db4f060d8fee9e4fc8b4499c8b8136ba522c197a26781204f9d3278b1e354fb2f3a52982dbe8f92917323d67645fe478cd1415f47619d1f3a2e4631f7a6df44fb86fb67821f0399a1050fcc8e18e461e90a97d372190f8117772b82b942b1beb14b694168ec793992e551d32d28db3fc74ac0ad41148146147d0a27e8dfe8a45c9d864f8d1df7140ce04d5c27cd411b8d192a3eb1aad6ec1b57e8678d6daf83c0ae52577011256220577536d3c8f3a78d13e34a6e49936d7c93c0d9128a95d8c4499689cf48edb450d511e36de74962a6eaa8a1fec10b1265152216d3b2086e90b2a49c438c73266c4083b4ba18aaf6c732fc822ea3d86d55c7b1ea595ba3c9334e2c49c0c7915b4f0356daa1469b11c1dc22760a96091d14be915d6bc1beaed8bf7048bf4142caba46eb06882106d0f9152890a28a0a534814e1b1b15c99ba6ed22e9fc19c74d0dbeb480939f60ac3f21642b245a6a91214c59278390720e4247f8845d80ba786834e9d610866c83a6c658dc63be896b41f0871e24da86955c57fda41798584f2c4bfe02b0f6087c4113e4310d87ad741f9e6343274ba49d0f443d0ae549aaae8beab0440d44dc5a0ffc4002a10010002020201040300020301010100000100112131415161718191b130a1f140f010c1d15020e1ffda0008010100013f10fd2da7f1e7f1e7f1e7f1e7f2e7f1e7f1e7f193f8c9fc64fe3cfe327f1e7f1e7f1e7f1e7f2e7f2e7f1e7f1e7f1e7f1e7f1e7f1e7f2e7f2e7f2e7f1e7f1e7f1e7f1e7f2e7f1e7f2e7f1e7f1e7f1e7f1e7f1e7f2e7f1e7f1e7f1e7f1e7f2e7f2e7f2e7f2e7f2e7f2e7f2e7f2e7a53e1dcff0059d7ff00542df4fb9feb3aff00ea85be9f73fd675ffd50b7d3ee7facebff00aa16fa7dcff59d7f8bd2be4ede018cadc504c18d471f2a7c4944b1d01fdb66c787c835fb698f96ec40c0f6250a051b40f70b190ef218d69cac4887eda649b3a687fc60b7d3ee7e9ffc3bbadd395d0473aa9cf1e35049a3c10805bc2a32adfa2c87dce6923ee46e8125668dfb439b2b16a24ac7986d88111b010cd50c17b19c0b1ee4b3d0a9167cc50d3299451ec61bd9a2b6761514f04411ff000c2df4fb9fa7ff0009f69f8cd3e6328e5af8236805765a9136854db4816796154d4725b0da20e888c41752bd98f0a3caa1055938d8060eb5f409733bc572a9f448168b7a5925f468c10b3c404e87d348f2cc46d8ba3b202d0d19dae138d8dbc849c00487c9c0ff00082df4fb9fa7ff000565aed73e5e5f9a36bb415ee0d001c040d4de52ee010baba19455a67281222956e15d09d24451223cb0968704749e4710d6db2aef1b3b463c619d09284aafa27b3037226902930d70f0da0816e85003645decd5a888548005a4a2e1c6ab963d9e5e22d97a1b85c2281c51bb1e7fe0c2df4fb9fa7ff02d980a7eac02843150bb020e828667b25caaf12e94a4e9220ac64807452a7d984a82e50600a380e98580c06c25801e0991ea107c93ade998e41e06a98291b378292110281b34912d27510aac3ec3076e2d10801c874fa62ed91564195b5e8e15e1f27f8016fa7dcfd3fe73e4ad5cf3569d54ab55e58e01539381620384e3150984c4b20bf7054521df044b22d8a9f36c4590462d804824721c3554c42c0b16076ca668354858fbc5a2f25a3921b571c8f20e8f2411d413b56a0ed2aa32ab453b67d3925cb4f34c4f489c1e5236aba73e8c69bd6b6fb23a08d71f45a0b5d85aadfcc16fa7dcfd3fe6aef4555abf10646dbfd1e811a82d55ac4e5b0e0d46b062d3cab140b482a0a2105592660a9c9703296c79a23050a9c11b9682cc871ea458702446467c92b768b1d08751bcd87252d0ff00a6018423398498889a625967c65a622d3871171d28e0d32d70103bd910e185f85e48160dcb40f043d0fcb64b80ddc48769addedb052445ac6c7f285be9f73f4ff9541000557004b47c99c1e1732eaaa94a380ffd96c8dbca0c681b65d7af708234c56b00390ba82570db74ba626d9de08b72ca2d60a156cb77e80f33349740e70617362bcaabe60db73788c834db7cd9e612178fe91b84c1fa620502c2098489a54b14b5f114576a8614ea36e1a0c2e93a6553e1a7d47862205972674918c0882e63727898bda38b74df942df4fb9fa7fcafec125f0a857614601155ca27d08c3c3cc9687d599b4afa09741b0ecab8cd66942acf8234dcde94c1f761d648b118216f71490487b842b8241b680818fb43965e8255974109b4a3473522d940143b58834c2ddf2114342bbf0227c3474a3703816405639af2b0751051a61e173305822ca8088ee0109ab81e4761fa5720dfc816fa7dcfd3fe52c0a5784dd85591e870ac07a5b2c5f84282d15a4628888a5064f715802162f96c66f37d018b58011b8006442f06fc865950dc2620ac254b5dcbda3cd4ddcc7b430a0ca2369654c23650118507c3174f44cf3e42511d13646f4211f858b49845ee06a56c130d4d8868299ab6969801b076c4219e63b081622b32f49bd7d536adc20c539e40fc816fa7dcfd3fe40cc349a1717082a5e54b6d63b8b2363291b0960ece584489c3f290b28bc949c32842c4f5443dd5000d95e589575d883ed033421ab452a7040d21c70c605422cab61a810456f28b6efe1ca47b7b76ce48df59201b03702ba7262a5f0cbc0a561ae91454ba7d18aa3a5047211e4714d94445455a48a0d78204b5c069e186f202ead09735b8b55cc7f202df4fb9fa7fc89723d12b691a140042d9742af8212da80702f2c5007a6f958280201390184576032f2ac692cd708fed48fe0082aaa11ab3ce4280486d403d0965456fc144b0d1db6c002c78c6562243c408d07c3b62894422503bcc09d11b3ff26f2d6c18278979dad076318dd5197d91d9c0788cdd47c02952fb4a349e46244280c3b0955bba3e1212a372d428070c4b1e19c81847f205be9f73f4ff00908df96744211518e0e689a0f0d40020ec562162788b29458f01585d05ea5268c315024614d6f3dac76b4c20308ab23b3abb956c86a2a053e92c74bcc6e97c2109f5570616b02cb8c1b6ce3863d201f2205a991b02895e6208550e82c438956c335a9aa482e8102f54c568b36639f832b3142e3a614a8a104ec9519087e40b7d3ee7e9ff0021e051df79b8abb0308c4169ee7443658e48c2613a8b982d10ea59b4d2f2c20b0526d2f0cada2df290f4972a22dd2040197e1cc0a01b065533025980bdc2cddf31b9d0c4b43e90d2147351834988ca30b7e8f611a9ce11f2b0eae9cc28466d1f782891d4506bc2a147920025eab46a71f5cb8fc816fa7dcfd3fe4baf6387cbc0f390b9e1602170031a05b8fbb0a85b44bd247797e7d594b0aa019baf831116d91618fc1a8105e072ca6e904a51f68d0a739602fee02d3e6392da22dca7b10ef36d1e518da40d1d810d5b0e83074adab1e560d00b3153b8a54015a406d1a8c57ab18cce20abf46141abc7fd4a0e844003e47f205be9f73f4ff901e7f8fa335340b96a09b043c392162114b54ca330994a12cecf68078b4ab2bd45c5cd061503611be01639c670d7030668cfa814a3825b2d17010a23e86422d8f1a6ca650a19a82415890a13df17105d803c3da3a1041c940258e696d5082841629445d8f078834438162fb5ce394fabcc1ef63a8b41e2042c506ec465c633b879b3c04053778b12e53751f75457e984bbd0fc816fa7dcfd3fe40844864093b14788f12a0ec8d53b6f975044e12f9c8c16cebd8f2a73ce2ab408b6b11c868418c15754afd199e634004082736ecdc12445596c8325e429c5710d652c05b9b184da1bf35a60d2a3bd933dad2d78c94544a4233ab29b4265806e010bb841c4d9f560b4046a53258a12042aba0e6c21ab50bf405c0cbc9ebb5d2c1d2c2b56ce4800534c2699a8227462a678e06faa66a5572f270fc83e2fb4fd3fe47c7618bdde00ada57ed1a370e15a465246d17ad767e98d0501679371b0d51e4c0c4011bb68b7ff002022561c8202c0d57e28ba2478a7070aa8cf634bb707de3962c7c891a2251b665163b29b43141b725dd1db1b32a09a1ca9194b0aab9e06359a267d22b23460a7c444fee0f6ebddc7c42823e017ee3a5f66584be3d57e22d3e9e5127bcc6562650e12168d88a1b730ee883574c37cbbf218c272943a057e41f17da7e9ff00266d05757cc5d44090208b092cab52384a8a134e11af5667bdb0003dc7f77836e077d0fa7ed8446d02cf13caab1e8a54ff00f8c23c8a5ed06352d008afd32b8a2835178498ac90e56584f7a5b87e0809c621d074153d95b8f819ace091725742163826c93c2f88040352f6d9bbc02011096d982c4f595ef43410e6c21b1c35580bc823dbe9b445f4bd4c9000b644f88dad906dc3cadb075adae3044c913c50602a961259e95355140c59c8819fca3e2fb4fd3fe4b2105ec8665a98445634a23b2528f2f0c75df138aa6bca4bd5ad5b494854d1de86b6bab86c436ee5dd1b5750c3fdc4f205e4846c02a168964bcc7b1870420d114fb2816a1ca438a934a655d31d6943e7d563d922aa96516540bd39620797c5d59f618573a032c2b0ce8308e43d12e81901e76da616a8ab256b7860e4386505baa850e2f14c2666e0c47d987ff48230d375495b4306bf252b8ce90b4196831ee802791f943e2fb4fd3fe4b53a47bee614e122b94602bc137b695c0b8dcb8c253ce164a81cb390431d14b48f48e14909958e08aa2985ba90237728a3fa69db02aac4b1ba12d3c6771ddca8b11ec70c21c14b7c2e2079d142c5f04bc3c55802161e28787e9219885536008c289458846561804e8fcc39c3802693923096765d060a0d68d0c041881196e17ba510de1a5f3f1850451e5586157568480f09845b502ee2bdb5bd53f27fa1e67e9ff25d975deb10bc683d465e736d2f4c15d44a1c2d5c747097d600a0ef51a807583832a2a45b8f4500d41dcea882823c85451cb1c9ab6578065611c5aeb871109421e0f133b372ee76277c88b76c81f2737bcb98781e638b0be43645c04e30a91c5e634b0ca015d0040aa489471449c5d90a05185c01a877aadbf0c75ab2a18afc0da9a16d6131470f1f91fe8799fa1fc8029941e9e18c12258f090eb2911ef88ef56029d58468f5103bc77ecb2864004d80b13d6127115c619502119a862ac30b529e6282dc377b0ba58da0187ab05aac0a52a5698db0eab4066f0434f2968d24712ca8b020b57090d772d8055d4bb586914a86c9d28dc21456ee16b4abf50fe0b6c944ff002a6ff43ccfd3fe5c78c9ebd64ca9b56a62ab8b01ee56311bb769108d77e791000c29e8fa2e120a4e6f3dc2ad1b1d11978b59eb0fced8dc3d1b5a12bcc23595e237c00e821f3056c528ec4a662214b6acc2d4af68a4ab6fbf45824b95a4710f44e59f879ac9c286af961f1f66a37811507c8945555da39572c221dc2b40b404943aca3999894afbdf97eafd93f4ff009742ad6e9e18d4f2c3c522259231088e418055b2b104291c8916426f4bf06221a2e849339f73019eb7641942fb142061c22485e1b97180f9848ae86c9716333e362a9c0c3e25b0555c4a95fea5062a9501d6513e950e4a3a38200701e840b58c142a542b880520a73ae483de18f40afcbf57ec9fa7fcd444843e3975d5ee5d5f54ca501068178f961f640954de26630376c2a977e7330301510d90f0056aed12ea82ec6c620546087570280152eedbb443e21ab85642251c79762cc6061832b19e61b8c435b3a8d03a4063e901cb22426ca2a5e4fca4bbcfd89fa1fcab432d6728174132e8b79408e9b21677764a6de2602c5a62a27289833cc133c66182a35918ada73caa432c39b187d48e747de2185c5daab022a076a1c0503051100c656cb00a0b71cb861b921aa974c728c02a98525d304d3cb023d15e0614ad158d5bafca4bbcfd89fa1fccf9d776e85e4a95a7c01bf2c1db45f841a31c92c92ee0d15788a78f685da1330215798d72f28a3371b8380c9922142c240d60e3b8da4013ada100b9125eadc5a17f07241bd617ea118abb767231976c552ed8a996242de582a866c5fce4bbcfd89fa1ff00000800abef01aa2895a275055e860e1679619b5185d84d34163c9eee0fb8c71960dfdd31ab5a9c91161f1420d6af601840c7e14975640b40b1b4687653e86d8b05d4442818c7689013e4cc511b6aa244bcca38da7f9fe9fd93f43fe00889e5e2962bcc10531811ee236ec962c39e49536238987e382a3e227495ad0d08df46d501835ee8411ad8fb08043d1ea342c9c9feb7154136001109400600948a7118020eb5961823e44132dd972fe480801d7c29f9fe9fd93f43fe01636d65e48565391d24d1e09be0877b0c6aa08b640568868b32444240996c2289e900e73a6ee2e0beb418e4e3569098da3ba64a2d6ac6241043788cd0539ea226f65c07c4b9eaecf2ff0081faa7d93f43fe08986d5f12414c13b8f4a312eda32a42092b160b798797dc08e16f51cf441f724c25a872093a95f1f6a6251799419781c44537b8e77e224d12835a40f2b016c57797fc0fd53ec9fa1ff04c932e9c8c2a83705d820a60f1c6061886f2c35bbd1029c9a82a92ae695804f68220c11047b30825608ce918c10832931dc49588ddcb7de93bff0007faa7d93f43fe095aa7c29d8d70a41ddd0aca80960728e0c9d831eef38a8e25f726456848178d428d290360c12d81cc7cc1f2c02e658b54de7960816e8ec84de7b84e5744aa8abd4aff0083f5fe93f43fe0020e015976de11781c44895b4bf241007c31e056a106c836caa62b15c40d0db9837636c582b004d2079c57d080e471f2b0b74ce238e09421629505350893008b6b966f00ff0007ebfd27e87fc0643ff7d288eb13a8982567b48fa92c04539138657381214bee5568ea377431d6b1e585c8d885b0cf2d254b54cab4088415b61034646610915962a5108033a2d56196f23076307f81f5fe93f43f98f135a9a08358a609da800b2022398ab09d6c17ad183d084a0be5e67982d6ddf403efa84d5c054ac2c0d67b88cb4e23bc44626c48938604751205840a820e73175dd1731142114c43e5d72611e59d609167a80268304b5f2eff003fd7fa4fd4fe311f77421a8dd516c73f7c042bda5b88e60711dc9c10544f006db23508aea5b51c835ee2463b0bbd98a8f0b64e3237c43d526d172f485c41f8423eaa177712545b0312b8487ba40731ba22f68be1cdcaeb1e08ced05ac4a59193004b82d8c3922777960979b97a3a48304874be49714c3d12b80ec7f27d7fa4fd7fff00b502d65e96ba32c6510561025683e9042c386d41548c2a081e88e0a54db0eda81174e89432d2348e2e5829e2cf24215412af0401cccac058e4553d60a021b5692fcc822878474c290115a97cebe3203c31aafd58aec5eca45945b16bcfc3982f64b37f0257494595b9388f5a1b836619572af6954cd8ec77c4a5a087183e898c76432c98f0c503d0b9583925037980341d94a3e20512580e495d6f374f920272c888dfe1faff0049faff00ff000b87c8ad44acf87b2186a144e4581f5616657154e05449cb14d0468ab317e736d144540fd228d14b0108f4801194076326ac80b2dce415839078f4048008f39f2a448bc519cb2421b2826eac65855487a9dc2719d43404fde4818b7b31c46abd31db3e4ba8f076e277afdd605b6ed3b281816ebd02e5698ab3988e2dabec45f420d8b819748a9416952084a1e1a9616c2b531445b505af60454f0232fbad9eda8a785a346fc31d0a800043c30d95a341a060d24a03149dcdbf9607de4323d34290003bacf7800444791bff00f5f5fe93f53ff094d8605cb0aa0d8f2e545412d7157c8586a5b68d98b8a8070e739595da39ea28ae4e23b4b0b5a2f9232a9ba0e1638681b0850cf7c5a8585d17962bb807ba1320a0e021103ed0d6b117c7b104a20e9e11e196a98130979185563ccd2170ba0543154f4a3551150ac686a49bb800010516b83aa18b54ee28d376a2d329a21ca995cc3884dd2a092d79770455b58a43231086b010356e6eb6b8acab9105051bf685086cc9c11743ee429074329107646b5d493a63b073bd483acb9990a4ae4c77c21ff901bfd61339932b313070b89ef5da96300b83b8c8ac26bb6365d22f36723140565e4b49792dcc5075d92d033cc0080ece22118eb182a9d916b2a2d369281632b8ab6a255aeac8d629194fa1198b8143348750080c06ca3240635804ce52185a9edf551dda6b10387d0c10dfe8897cc45b23435c7ba46e9638ad5f034ac55a407672044bad16fe48144c82cb5a205833863919504f95648b681004bd361b60349c555044050a64325d11dc7608538525051f821414efb1b58d143115a826eaf7dc00443983b219aca04d6fe5823434ada9120b0de42fe8948be42a43065ca11faa7d25b7f400a004352f9450504196577670c0b06fe729152dc0b069a6f5c392e2d25a854cddbcb11aa1cdacc36a3a86c34c36c579161c2eb621e12186e43d292d54ef66aee146821ad104151cf3addc40d8057849503caca22047c2d1c6477e20d6b24ba38216a141b1136312a2e7cd90551c3dc825d2c54298d01e908b77eac6805e307001cb0137a72f9e08b40a65e8b0d0061b8d204ca5112ed29ec20db568f11016c7e709006cc5af2710a2585676c0148b5572c2a474dd60b65210824b374c223c01e45842807a55c0c52e92d1ac315ba743ac32d4c2f12a529dd3300b85b4a594c008e0352ab64405a8a7248aa9e3016d3cfb11380ec895a337126448052be0c407034ea50942b11505b5e60837952225979d427b03512d3330658e4711eeec06be18c0cab1408bcc4aa32d529ec4082a5385262053861ebcb6a0b48a5694312ea8e1c904681b7ca42b1b51287d25c6fb26abe222871f2412d56d2f2bf041a360a097e187e1b6dc158df6cacacda8d0b10b0d078360b1015e295c844a5dbccb33367c03159d5e88825b55e1c890c2818052af3eab2eefe4ca328c4645684c21111a5ce496a1f92d906dab470b133a00c57918d0a08382206c3c2840eaacf145ac5b86a158fab1e65751fa263ce8336a8208219e3240db386580d00bcb4d91a8efc0b1b51ad570952b28aaf42ca05aaab1091181b6e18165b7a1022ea838382234351146002f18b40dabd7b2c2fccf287d2366e700a570a0ea62d23cd97908b64b5c8426c4b76d25440a44822d0ecb6ed216201e94425743765b63d7b172955ff918fdcc0d81656b1184391d48e2391c50d70bda8e95a45164f563a95fc219e5be61cc151028f761efd990b21b64b0daa632600a4cbff64444b11b50722b1a4a79770abae8db15c1ce8f2462ee9c84730d5142998d874803011135b6a90bed33c2f85fe99a676f9a60792fa12151a23c02c8f8f8b688d0ad396c5295982928979578df7f1300c7ec8574bf7a660d8f2994d797354588d80e6cbf70afb0e092f5576f90b0897d3811b00bc0245ad78d824754f5b40edafeae2420e769256141db21e5064525280b40501800e82152c52594461e00b1835755630ae201bf05792008265c090328dcfa040d1d6d01163940a6003f98379432440676d88b61e83a100a18a4148f0c0743d85095fa552dfa041967d55488e3b082b261b838940a01ed2f282872db33828c7462386220ea4f0597bcab9817aff0c588a2c1e3d482855ce20518adfaac4b67d6890654897c31253d442a179203b255e179957287fe03d2512825d2cca30c58f54542953e35016e61b2a264c713d9f9866a91b23773da56182ee230ad30f9308afb23e44694810ef890490b567fa3c117122668abdd8c296f0b12d917aaa46b51d42d6ce61c630054caa6eb7e2adb0ba12a1b307e9a3140d0ca310855bdc41c042b543513055ccf63c47d890c44aba16f99aa9e0c087cbb64d97c47b1416a2919546889cd400d388929ec811a217bb9b7712fb86a010173510c6e0bdcb2e84f8b25a9ea0ac07a223437113a42a0350efde59e6c895078672373d0830590168a83425ddc6ab8ad297ab22d9568dba25e058086a106791890ba704a00f2fc611113dc36fbaee1d92054a383a08282b6c04008f6969707bb6a6431746e35ea2ee531a8a8b60d1b6c02ed8901399cea3b5c4a1e22c4b207acd4b2ac522001d208c5f13c5ffc696b1d67b9455ffc09b0ea535920176111ee072bccc402c8d799b416a0d31182fcc4914caebc403b7232d9d442be946855d810a1709ee305952ac94539e225dab175631506d1e48a9cee6c98b119b2f10cea12b4202167de526023888ccd55c3ed9e2a69b95e1986db9419a98ad4e03c46970412280a317186662820b6c1b1a6554c234b1c66a6d485b6c1e90838d42fa8dd56606eea2e0a587a4b5b698e7171babae60fa115c84c62a28a6ce23fbd1b306d108e4e72f735a9cde254a6ae2703157117502341068a6e604635616c00240c1a8a8b070e8976e482bc454c4cf0ccd2cf98fac389e1a88f5cc32b88de29838c9996a2e5670c2817c4c692141aee0f3511c370c90b8e86e1b0b94a4ec80825e78207444712f4183a8ae6aa02b0299950951034ebcac48380b2aa53987ed684fef0c3dd62c44ec4bb1856caa945ca788999281b3f22a0a398a1c9f530e425584bb80dc3145ca4ce37290a0239267880704b426364436dca764b319963858d38f31d97e79960b75176c5046bc3c4381a83873136c2ae05983fe10533002ad8a79cb2ea63be7fe38965d5c42b1e60dd5dea0dc688816b30382400be821873b215158f5099567d9595f9360239be52f8160e00ba2e1888b954c12df36a4215a5b281395e61d8bea06c25aa05e25380629b2272b1675c0aaaab395ea3d1ea45c8ec9157d000137baf98f6ea50292fb1a9642dac02036a5507fd9a2dc5558791f483209ca4fb2a0c95c856e598ec6f04a749c5e670e40a2c4290b93ab884d45468e20ddb72cec27d270e5858e22069c1ebb610af095106f6731601a140c0e3088a625ea0838a21482af51766d72a9e183a461544103a536ec28f10c160a5a6161a02995a463b4a8fa04bc85e483774f1c1751155ea8a080168a4585dae761420b0c3cb8211a6d2920e7ad0dc585d8950a24b87006aa2a9c302052c1b70178a8acef035f343142835a8fa42d7255b220810282da2101a3752f0d8a5153f172877200ef31000072087b324a39bbce63e632d3c0100103fb5a117ca3dc59bc54bb7a6d5718661023478e5506e8ebca8a4386078344ad4c0b92cb82a528a4878a22566a1168e816c7539190075630c29aa15af92c093326b3521fa213b043934dd0b2be2204417bcd882362ab8fdd923b41b61b4f1a0457836110f17db108356311e16d9ed2b0a600051e6b98e6f8a0ac27e58da95ee8ae584d4eb913dc83641e9682fcb98b7410a129b78868552285bc9d31ada4177dbca6d6566905b4c86e9b48348b0e39b14bccb14c5a1597cb71a2e129081e7cc1fa450a851826368b2553e2e518991080418bf60531213c7338a11d0f03821c048d0a57cc082f6c90f2107ad3770800f5e582aa06b3013eee761729a8b8879cead4884373b553a7d61833f4582fe98abaf982947a82b9a40f9798990d41b29f930d349e50078f098721b082fd65b82d44509540ea75a3948208f486b3c470936b695764518e594a15e1748a9472f6364cdab88949ea9513b30a55ae3ab40311044450b6b05aa476be165aa368841b1b454bb01134d1a40a4cf749fe8e62f428e09653ba58d2d4b29880e0b09572410d10a0d29c88d9eb0f197602ff3030202d5eafb4c6058700c542eb7608158b95ea2ae821fa94b85b0ef5e6a345a614501610e50053d01140ac22b8a62b60818e858f89f50462cd83d0224ab07a01185c51633224c66c36ab08b881a2b2c55e0f084a0d55a16dc0771170428aaf782351e54071495e942da8332068d9525f2a98e8ac410e5a942c1dac361e202ad85ded62571ca2cb905889e482def2863d1a11427a4519e80302640156874af2ca1600e15497d425acd19189743f80510a1106f4332b006b40115d5d67c4403b7c129a1621b8258b398422846d5d950b16c8dd798d515cb017346363628834bed1004f20d97029408b8cd198d280835b78945836c1ce2cb5827997db1170dd61d4cde2a5b8569ea5a5d53a11e062e287035e585d1396a28a83ec92b2ee825eb5151132678960552f4a9ed16ecedd9b96b695471d6512b6738f71870acb40bb7995312165f1c76f211590689caf2b0dc987380b62b117a62e29c648e7dc6582d751a61e928b580da3569c310c183865dd00e5974da314700c23116d13df440d0172f1862d15e2812223a96e44ab8b68b741166388fa24b51151c2c7840402400b5b19d5810463262a2b61b5db5706e1e0c245a576972edb35552eaa8185f400eed58b80e485cb40346a25c06a526aa58693e201421dcc8a0d882963503641cf30544682fab236515ef0b6e91551a4da950a520895616e68a7e62f230bd3e1e63c7e540001d4cdb1f0e02025bbf24c0a3d5831ecf4774b06846506c5b72c0bb0dd10d89e626c156037c3e7501820e9ac411acee0529ab2167154fb8336606c20d1656664dfb16c2c2e5f2c72ab5ece09784b0a61ba8e03a6562675817230d5ede386aaa05651837ff00918c6e9a012dd040c08d2ba0147842c5d0c6c444743c435b1be4b62902b5441d8083c14a4aa56a8e0563434b51439736b5691565f24abb529ee5ecb006e29bc0a0533ba0730ca3d232db33870441abc4ab43634203780bf311a4e661bc532828be20353c8e634c52c6d28f3ecc5d1811ea0b62b65d3f0c105b61a006cef411954bca5b6518519a610a5d182b962aab2ecd04bb2800db0b70bccac211b569a19885515b4bed82ac1b440ca183ac0ac69d9a825d02abad504682ec79c106e8c2ead6273460ac3024010b30400a1417c9a099d4111505350b70c02b6842184d82b17a0f88c49ad20df200c6ada5a0902e0a07bab2f74c5095ccbc4aa2b66f9e58daaf242068c84421539c4b4cd62a081cbaac5c4a5a4b0463346eaa0014b4f0ab229597b3624010feb6b111c2737070ff00a828ae3ab80db341c3b60a8e5bc400d3e58a0aa2f155a8d0888598bc3c11d3b48142c466d7c21010b5e594b48a14b5855e70cb0638082d14c1cb16c298286ad4dae826cd897110032b4bf821910e5187b772eb7e04a154a71046fc20d054069dc55696ea5aaad0984b46e88ad656f9252aabb414d3cfc311c56ceddb065007cd5cbae08a4bda8e214d4e42d3cb311b4b4c2bed2934bb1500968a281dd646134afb9111078c456ac6ab30716930b69f02d32ca808e4d648d39b0c09ca2d1e0a49c50efcca11eae28354013c114416da80d581cca486a8704b00b61c0ffec6912ca52142c986e23295534410406286d83631012ef5cba196562b99c8c2cb56234899d6a997de14d853e1552582eb2beecdca1825899f6e2c8900a1a881bac5d3040ceca38dcb1cdeda819e42bdc6581b20d717645b6d5196b6d345cecdb36511a68b7d9a508e68bff830029ddb1405b97a402b98642ce4a10e9a4311cb5d3d52205a0e455c133cad501029e5630650aa9841c4b021a059156167c6e2aa14989418597b94085e2021648b5575c305c96940cf0995db1153f774101a2bda016e945acd8844586f8e2c255ba6a88080b4960c03874fb902dacabf291336605444801c8ee26b3c91d58abaa21400f10714b065968d52201046de4889686250d1c12adfda59d84b3d1052ca3b6cb22e40e7a8cb70b2f8a250ca894dc4254e757a58035d2cb6412cafd40529216987e79893b1216895c5a902da0eab1572ef5667497413855ac98cb11056061e58985b37c992000d82b8635ac8a2255b39ef704d23e1045de37936c287715156db2be0800f39837e30937a58a3b378e2255183274115a7091c956e3e5b10215878628b6ca08b00a0139e6888a51e2701005d392b8b8d80859e915014f2a305d581ebb181583aac04bc405a6b0afc9068c6980a4a2225ea20194de7965b6aabb88a277ef72882bb2a33252c302e50dde23a585510f12d2869525aa272cc3560f7483e608d5260a19a2dd42b1073eab15691809b7e06a163df82985db7aee05211c1b8835ebde5658da71002b61220a6fcc046cf9650839252280c12f3112f92bbf496684725c4185e45b8ab5828bb14834101e19177660d4bb6a16de17c42d68bda133e498e44a82f0edc108d71c40b04be6208ad8b4644203840378e908bbb2b7652658817b96a2172cb669cb146d6988a42e2af99503306c608561f6015850908e9c10268f304cb1a7370281ee668e716b940458aa34331a94b3d622ad8cac3590dd3de5f8360e4828d00b8b0d1a560a39295ee0d94a4bef5538a8d4bbc0d37f2c300e70f7860ca5d9dcd8362c2853388632e4629e43eb281b583b10656d29d0a36cca51b7b0b96b6c5948c1a9a946640a50536246f23c399302b3d2b09efc193438cec20290541f6cb014b3f31ee82c20a1e218b12a8225e894112a31982e9dcd8314138348ba46dd462d678ce46fc9b6481da5fa4189b4f315699cb68c56c0df23012a18e04470f6c1046377002008fc42152f1db810403d10903e2979b26bcf67041f0a7b831477ef35929df521194dedd97fc09a1c782d96892b02e09a0f821801e256de662fac199e8cc8a770465f995732ec615624af07ff6061795d0110a867a251c6bee3162fa8c4a8de90e957dac583d302296e0dce58167ac5c2a399b3394ae20a85870b23bbf3569a6ec26e2c9e58302751d21bb8ac1e1625b95b31cc2b2d44bcf31bdb0724fdb321e200f13ff0062467cce2652d2927fe4573152bd674ca2ec8ff772d6d95843725033ffd9, '709513', 0, 'inactive', '2026-04-12 13:42:55');
INSERT INTO `users` (`id`, `enrollment_or_id`, `name`, `dob`, `email`, `phone_no`, `address`, `password`, `role`, `dept_id`, `semester`, `profile_pic`, `verification_code`, `is_verified`, `status`, `created_at`) VALUES
(18, '241263107028', 'Sujal Parmar', '2005-12-08', 'gamerhaker956@gmail.com', '987654321', 'buigkjfhfjguyugyu', '$2y$10$4IAAyU2Bynp3jlk6SOw4qeKcxzcvciz3iZGH97KcHBjysOy1UAM9C', 'student', 1, 6, 0xffd8ffe000104a46494600010100000100010000ffdb00840009060712131215121312151615151715151615151215151515151515161615151515181d2820181a251b151521312125292b2e2e2e171f3338332d37282d2e2b010a0a0a0e0d0e1b10101a2d251f1f2d2d2d2d2d2d2d2d2d2d2d2d2d2d2d2d2d2d2d2d2d2d2d2d2d2d2d2d2d2d2d2d2d2d2d2d2d2d2d2d2d2d2d2d2d2d2d2d2d2dffc000110800c2010303011100021101031101ffc4001b00000203010101000000000000000000000405020306010007ffc4003b10000103020403060404050403010000000100020304110512213141517106132261819132a1b1f01452c1d123334282e10715536272b2f117ffc4001b01000203010101000000000000000000000203010405000607ffc4003011000202010400050303040301010000000001020311041221310513224151143261237181061542b15291a13433ffda000c03010002110311003f00f9fd9542f136b149c4c35490592c008057338a5add100431c363f0dd33d81f72f95a80321137c4a510cd16123c2b98b1dc3b2647a019704409605c71555c81ad24902c171c606ba73292231717d5db37dd1a9601db9e017fdb1ad1e2935e4d6e9ee543b8e546006789a3671f50bbcd67794be006695e38dc2e53673870722adb6e3d426c6cf9113ab8e03239c9171a8f256528be514e539c7868b2393c944a24c2cfc17c92868f3411adb1965ca28a6084bcdd3a5882c15eb4ed791a3a201aab45f25e94711c033216dd3f2d9576c51daa8b656288e4a9ab9602a8686e2f64fea582aa5986e1951c401b2b0e1c14abb1396060fa404dc2284925c816d329cbd249b4814f9a0ad27e4a5ccca6d64d58922b4b7552681e57594e11116ca9926aabdd24917b490cccb33859cece4df8d2b065bbb6fe60b04f4071d602f9949c174f0dc02a4808ae8c068b2e670b00401a19e1fab11fb01ee5d2850191a565dcb910d8fb0d16042962c7306c8e3d0b65e111079f2068249b01c4ae38cf330c9ab5f99c4b29c6dc3bcf3ffc52a76a88fab4f298ea2ecc44d006b61b016015795ed97a3a58aec9bf0086dab12fcc90df2622caceccc2766d94ab2443a20c4159d956eb6714d8dccaf3d3a33788f66646dcb75b724f8d8994e74b427a3a9746eb1db670fbe2ac42582ace193430c8d70d38ab51cb5929c9a4f045d4a49f24e8c92455955294bf0308a30d6dd21fae45c8e2b8824d3172b50a947b33edd4ca6f0895340e246e98f6a4260a6e4b230a8835099a68650bd7cf124875844632d915b5bdc983a5b93ada22e8b293d55f8add131ac6e1363184822eaa4e2e2cd5a2c8ce392b965b1d13a15ee5c94afd4ca13c40f4844801d8a0dde5bc0e505aa8a974c124800f3499ea196a9d04577c8056792479992e3a5438408d95c92e29b1d19c9213bf0f6d962e0f40812480341504b1f61f112c0511089e223c2a19290ad8d4018d7096784a67b00cb256a10c9500f1a940c87546375d21635836471e809043511066fb413992a23a5074716e6f26ee7e40a19bc446571dd248da53800000580000036006c16749e4d88ac2c0439c140cc15b9f75c4601e53a2938455ca501242b99e99165792319dabc3803deb46877eaad572295d0c722dc1ea75eecf1dbaabf4598786656aea725988fa394b480ad4a0a45285d2834987976609118ed65b94b7a22c0dd86eac28cbb2ab9d69ed41f030377451adcfa0277c2b5c96b9b98decb468a9c572616b352ad96504c0d2365625158e4a51b249fa436b22d8a5d325ca2c6b20d624421b817e09775b5297a98dd253a8706e11e08362b9d52ecd75318f0c6d3e11a99cf335c17543c35ba5966bd65727cb37e3a19c2388a017cc913d557f259869acc74052c04ee87ebab48efa1b1bcb2029c734bfae80cfa29023697c17baaa6827c8a6b99605004d0ff0f68eedbd13002ac459a216121537740107608c3725317403ec32a9b62a1848e508f12e44487144752ba42c6d4fb238f4048242220c3e099a4c4a691c6e599c74ca7201f22937bc44b1a659964fa04122a26b22e71d375d80932a12ea3ae53d48d17608c955549606e54a39b10d53c9d54a40362e98a342642dc6a3cd0b879129b07ea1162e0f9e1796b85b707e6aec4cd9a36b3bc5869aad4a537d987aa9c5708ba8737a229c1641a2d963f01460b10558a6398e0a5aa96c9a686622cc0109957a5f22f559b209c4262a62ac3b52e8a31d24e5d96c9186d94c1b9f60df08d2d25d97535c824949bdece8b7a052b799b03635efb8be975e4b5d6376727b8d1d6a35f014dc1dfbe755bcbc97ba2a9b0771162f52aa4982e4543063f994f9480dc48e0b7fea2a7cb476e3a3031f98aef2d1d910b8d9a3a27b60450aabf62961b1b61eff00e084d17ee7ab05d9742c24276ee818686b82f1ea98ba16fb0aafdd432510a31aae474869879d4ae6031cd3ec8e3d0b904b4a220c0e09591c35d55debc36f239adbfc4e25f7b068d4ee93745b5c16b4ad27c9a3aaed208fe06171e399a45bd0d8aaf1afe4bb2b1ae919daeed8553de06568683f08d094c55a13e6cdb0aa4edab3e0371267b90ed00b0e24e96b2ef25b27ea52ec0e7ed74b25cc6c16d402edbd17795821dee5d03438c4eed1d2c63caffa23d8853b5fc9749883da2e5a1d6fcba5fa70ba8d8b24ab258038f1b12b5c1cc2d06e012742364c8d3cf0c5ceec2e5191aa66590837041b58efba7a4d3c329b69f28db8a7cc56ac258461d95ef931950c60e8a5c5e727425169c506494fa02ade9fbc199e209e132c80d93e55e5952ad46d8f213f883c0295471c913d74b3e944e73700fa29abd2dc40d535646362211df23ac79fd105f24a5c8ed1c64eb7b5836192117079af23e258f3783dd78667c9591b36ad263d1a1220ead4685b445d5a029030567141c9760e21feefe4bb6926684b768e8a583115d61f0b900c61d874bfc20133d85844eff02861215b020246b8201637e69aba16fb2fafdd0b091c8dd6175c8e61f85bae4a86060774db2647a1720a6a220c1d5e092b71196668074ced3c8bc06edcc7892ad96160b142cb212d0cd23ec6e1badcf1bf92445a2d49367b0cc01d7735efcc4d80b03a589d75dcfec98ec42a353c9a1ecef66e20ea899ec0ed7ba8f336fe163407b85f897dc5ff00ea973b32960b5554b96d19a870b00c9100435af25a7fe84dc0f4371ec8f7e50a75e1e0b5f81b7bc1258e997c209ca4b4581ca8bcd14f4e9bc9d661c75b6c4ded6d074e481d81aaf075b84c76b385c7242a6f2138e560cf613421d512070ce63d1b9b5b0b9f7b001589cded2bd15aded346b29e9f65a9a5966a4d98bafab6df24ba2d14c586e16b5789ac1e66f53a67941cd7e6163ba646ad8f22ecd579d0717d91015a58331b3b75c41174885e3b0d67a29fc5017556f5b8d1d1d8a09a653472124af27e22b161ee7c3a5bab4c60cbaaf17c1a00d24a73651a94c4b203781b51e105c0179b5f826a88994c2dfd9cbfc2516d17bc15fd9992fa2eda4ef3120d9a1298d40355f0b900c611875fbb08fd85864c7c0b8916b0f1424a0fc19fa94c5d00d72195c543091535da28448c7063ba86031fd31d1363d0a905b5102276388af91a76743116ff006b9e1df50abea1705cd276c6cfa76bb82abb8bfb08c94e18db8b35c7404efaf2e0146ec92a2582ba2630b4bf51a796814a1864e6947785c1c39d814c10d72348c02d0f69b8f3b206128a3952fe165088685754e4c42d8a70ea611cb2484fc66f6f2ffe94e9742a98fa9b1c46f200216e786d4a752c9e5fc73532aaf784130d4fe61a2d4f21c7ed3cfbd6a9f162e0f3ad7d1595d7266cd2dcf6f4581be7750a7f24ba5ff8f279ec037281d8df4585a68a5ea60b2bdbcd04ac780e14433d9cbb2cb3edba6d9bba7d3551894d238662b07c433b8f41a1c6de0650eaab47a2fb07c1e667e2cb5fe9eead56b82adacdc48d3c0236250543a85190b0338e2d029c9183e1398776125f4588a0290ddae4bc8d0bc3dbfc3099ec2c9ca0e550c9048b8a12427087788a38f40b0daa75d73251168d141c32c2058952c063ea64711520b694608257423bc64bb1176750eb1b7b8ba45fd16b4afd580f8a45499a710399a267d9ff000378733c1124739a425a9ecbb5a0e4748331e2eb81e89d8425e4532e122371d351c789ea513e85e5a634c365b5dbc0fd52dc46c6792d98e96401316d63b44c88a93046c7739b969f611b7ec04176c661966347df35eab415f97048f07e337bb6c6ff00249ab48c165ad217640679cb9e19316d7456751baad39ec668534bb6196c0a58bcd2257a2dd7a37f20b2136dd21c9365a509245b87dcbb4589e22b0cf43e1b2cc07110b68a8459a84302a189f525cf759c36f7572ae8a57767d1e1840b04cc0a4174f4fe485a09308cb6401e0f83be019068a1f435762f73747250d0bc35dfc34df614fb2f97e150c916c475284245b873fc65147a05f63098a86123d7d149031c1dda950031f5326445483188c12baf88b986c2e46a073b20b2394369928cb907a69eedf3541ae4d48bca04c4ebbba69cad2e3bd8024f2d823882f962364b5f3eac81c1a76713626c40db86e13d41609f317c15cb055b1b9a48b4f2736fc785f5d8aec00ec4df45986d566b1b11d41085f40ae2430aa759287362c9ddaa342a47a06e97d7a70f25b9a0d04271564cf31e2de2f65327457f1cb0d8f31e0b6e3b62f83cad9e64d72134f0dcea145966170169f4ee4fd488cacca484d8c93592ad95b8cdc41a57a894913183606e9ec75556c79e8d0d3adaf9056c8e2ed1267848b756e73ca2e94e8abc56597ac785808c30e5d564789f2cd6f0c5880c6392e5518ae0d6c190c7ea1d1d4666b883e5d55daba28dfc48facffa738e1aa86cef8d9a2631393515f56216e791d6092f731c9c456eed2417dcfb15d80b27cb5cf0630bbd825d89653f1257b8df609c2c7f0d33d85fb974bb28648003a94019ca2fe61471e817d8c5e54325122ed171031c14ea570123434a9911520c6946096b0ae384b8930c4fcdfd0f37e8ee23f5f755ad861e4bb459c608364dddcd291693e4a9f8ab868c63c9e61d94224c6f9cbdd024f552b8789847add4e4e76f1d14c4a3221f242a2642100c8fb9b04443430c3e56b8969162c397c88b03ef62b6747aece297fc1e6fc47c2965ea573f23086617b2d475cb1930e3a8af7ed252cfe200262a96ccb113d4b76a8c0b2aa5d2eab464fa346cae3f7605a2705458da3a88c64b2857572173ba298bc21362dd3c22c636d64a72c96e1051475b1dddaa8dc92236394f90a91a0582c4d636de4dfd24545610c2921baad13417464bb551e59c5d5ba7a28ea3ee1be1959dc37bd81f95d6d4703d4234d8adab045d8fd55513dec970d3a01a0f55323a1138eaf94688467255492b4b0029630027681992df631744f0875da4262e85becb66759432500b9daa00cae092d2238f42e4f91b59430d1e7ae3863819d4ae02468a9932026416d28c82e695c41eaaa71230b0ec47b1e07d0a86b2b01464d3ca32949546290c52e841f43cacaaca38782fc1b92c8ee4c4e26b74b74b2596100d557c6e171eca4e626aeae1b347df35290b685f24c6de65493d238d983753f654a444232b24a31234559e23ad8dee3afdd92ae538b538768da7a38aaf63e73d9a485ecb075c07117b6de4b7b47e2d1b6389f0d76782d5ff004e4e164a74acfc22bcae0eb90b527a8ae50c45e4c1af41a8aaecdb068a6baaafa5d220b1c972f96ef4a17444e6b8d945b2ca3b4b5b8cb8e8203984f9aacf7e0bb155eefc9caaa7245daa6ab12e181a8a5b59883c552e69b10ac3a54970538eaa5078920dced908589afadc3b37f41746d5989a2c360160a947a35d74637b791ff187456e9e8a1a8eccc36670d2eac60ab919c153961246ff00612dae4745fa724a3c674171aa9da0ef2f81e328558b64267e87a2164a2583c9a146ba03dc22a9cb992801dba00caa2fe6238742e7d8dd857048ebd4121f819f115c048d2532380a906313012e6283b05a4d813c92ecb635acc98fa74f3b5e228c36247bc3213a16bdc3fb776fc8855f76ee4d2b2874bda2291aee0e2a01eceb2277e62b8ee4b0b83512058299493a224049e484ac37b1e1bf5e28b06ff87e97cb86e7db381b7361b9468bd2e0d4d16511b5a0df4b6a75f55976426a6f833e7079c87c50db6b8fa7b2e8ea2c871913282970d043b0e63c5dcd17e63428578d594cb6ee33edf0ad3d9dc71fb14c98069e17117e63f50af53e3b5cdfa8cfb3c1125fa7214d5e0f230ea01ffc4dfe5badba75f4dab8663dbe0fa9ade5473fb15c13169b107d426cab52e532b2ba55bdb38b5fba0c34c1fc14d6dc3822eaa36ace0e328fbb775543c4e7be28bfe174f959469f0c86edbacb8f46f2e80f18ec6fe25e1c5e45b92746dda56b6adc08dff4c99ff21f745f50c4fd3a2f1fe9b456b6775baa8fa8617908f7ff009941f98fb953f50cefa747cf63d5aa18688176850844f097ee8d00c3e4e2b8e027deea092907c6ba27343285ca4e2e2e527076067c6e500c8d2d2a380a920c6a3042e18b89556ed46de23d97b4fa273e67c202c62ab2b406d8dc806c785d5654bb3d7633d168f4e9718c60c8cc6f2bc6b622e4ee1a46e48e239ab724b1c17b55a55654b225aaa792e4b58743622d7171c884b6799941c24d328324bff1950733b1c123f70a503b5b7845c4860f0905db5ff2f4fdd1472de0d5d268947d535c8339c3d53f834f763841d434f6f11dcedd112442590c633544c8da1b13dedd9c7f4499d30976887521bd2d6c96b787ad9799bb4d5cec6d0b7444262ac7b6f720f2b8d7e481e8eb7d10f4f160f5f8c3c336692e36db87156f45a0564dfa9ac7e4753a384a5fb0a5d8b026c63691c56ec28b2b5e9b1877784d3726a493fe03e82a232465d3c8a6ad54e3e9b57f279bd67802af32ab8fc7b16d61f1ea14eb70eb4e26269e12858e33586869478831a002b354b08d15243587168ada142ec646511931f603651bf24705527699834469b2324c76819cd46f7f04f07c86900caae95d14386a507b8c2785b774485fb86bb8ae2418bb5501027f5ae4730f85ca4e2d0e5c40cf03778ca906469e9471e1cd04ee856b9194e92cb9fa571f20d3630dcfddb017126d7bd82175dd74739dabff004f4fa4f058530f327dfe46d3d4922db0ebba653a78c397c910ad279029a3cc2db72ea3543ac5fa4cb1196d62caec289399872bf8df506fbacc5a894161f28b30d47a76cb942ca78248757916dae2e751cc01a69c55ea9ef8e519fabd32b5ee8f6396d3878b9b6d750de0c975b4f020c46789999a0dcf21c7f609519cac9623d1a5a6d36cf53ec4c2173b61fe168a8705e6dbec3f0ec20bdc2e6de9c94a8e0997a47afc21e36b116e88c884d7b91fc0b87f49f65c354a2fdcb2288df65575766cad85c0ce0a475b46958493ecaf2b229e324668483a83eca567dc28cd35c3116372d9d6fca3e6775b5a18ed8397c97e84956e5f22f8c68aeae8b505e93a09be8a1bf906715ee68082581aed6c3437b1050a4971edf0799f10d1576e5ae1fca274b85e61ab89055f5a3a671538a3c1dba8d469ec9556be57bfc93660c41f8cd931e869f82bc75d7679612dc241d736a94f4752f61df59635d81d5d13187c57566bd04251e1146ff149552f514e66a9fedb023fbcc8c7c4db681609ea3057c4f443ee17b13c2cee982d761c78a82412daa82415df1a84485b149c5d4d0bdee0d682e27801f76432924b2c28c5c9e123454d46295b99f674aed9bbb5839ffd8fcbaa5d6e57cb0b846e687c2158f367b035462323ee331b1fbd82bb0a2b8f383d3d5a5aabe92e0bf02a6264b906cd17f5d826c98bd65a95785ee69853b8ec0fd128c7f322bb6170515be2f6e0977acd6d089dd9fb434b05ad6d163a2be5f62ac668da5b9ad6b6e7cbcfc959d3d8a32e4bba5b9a786626bea240c2d8838464ef7e076b0e014b4ed97e0b6aa8cecce3905c330ccc733af6bfbabd5d7b5705975a8f6398a8837826038435c2a986aef4528afa89630862234455dc4846b88dc110c437b2cbd64f32dbf02a5364d67b0491d512e48e8c7e3b26663f4dcfeab7ab8a514bf06c571da9010c38646d9da9037d91fe0baaf69e1a3b4d4b90e77f0d8733cd7322eb938e224ff10e73bc90941adc39a19b873faab7a5b76cb6fb33ca78f6877c1d897aa1fe89d455f00b76ba7dd9f35d4eb70f1028a599c1d7be9c546a231da4f87d96b9f3d17d5063f72a946e943846bdba4aee69c9827e1d883ea261ad0d58316223b858583d2e41a4dcf443ee164ee1a42201761ae7a80814bb550703bfe30b91c38c3685d33c31bd49e0073282c9a82cb1d4d52b25846e30fa2642dcac1d5dc5dd7f659765ce6f93769a2352c233b8897be67d813636f216d16e68d254ac1e8a8d90a964943427771f41fba7b9033bd7f8a34d80b6c1c0340db8203235af2d36c68015c51ca241ba84bb5e20c8cf05b658dec064071384bd8580dae2de5e6aaea2e8c2194c7d2f6bcb32b896192b72c62d96c0efa13736fa2b5a2d6c143323674b6d5f73ec9d1d3d9a07bab8fc52a4fa615b66e9365ce628fee94fe45a90e70e86cc1e7aab11d6d4d19f7cf3361395356a6b7ee2b272c8d5b07ee71780b12c9a94db16d9cb2038ae77e56b8f207e8a60b32483847749231d8b7f2ddaf2faadf5c1b5141185c7de3d8c1b6524f90d905b66c8e40be5e5c1c80f16243cb3f29b21aed5359054d38ac7b9ca66a3ca5d9d141d4a77eb7f7431b22de1328eb209cb9e997775737e0bd357abdd527ee7c8b5de0de4eb250ff1ed7eccebcd8582aeecdcf92d469508e2284d2e61c4a7ee8b28285917cb3a2677e6497059e8b71b649766629ea8af3699eb992a96e85dcd1000b44fb1501261b239404521daae38e3207b9e32b1c7a02546523b07d330cc37b9608c0bb8805e79b88d7d06cb2f5166f9611bfa5ae35d63882900df528230c1d3b9be8518946048eea3e816ce9dfe9a2fe9e4dd68198c4e6c7363cc2e1201278d903b60bb666ea279785ec1a933d5c5748ae4e260e2b3357ad9e368129324f3c02c4bad9cb8397cb2891ba25edc558191622c55fe3711c34f61657695848d2d32f42fc82c62c2c8d8e7d9e210a5c923f89b6007905a3158465c9e5b64946083addd0c9e1321f4125634a5cb128adc12ddd38fdb20d00e2a4774ee964fd3eb6d562659d327e62327583331c3c96fc7c532fd513657035ec746044e939e503a01b7bdd55f15d661f97133f5d272946201da38b2cde6e01dfa7e8a9e9272f2fb0a87ba1fb0331324dbed96105c1f15b98ff3fa26e9e4e322bea96621064b05e93c3b50e59adfee78ef1aa97a6efe01a6a8056924cc2724c19cf6f346b70b7e5bec865629dd316eaa9fb9867158091e999c2f274ba2c0392ea68f55192520a795c115c6ef15d41c6a7b1d58f92a1b1e5018d05ced35d361ee4245dc47258d3c774d23e88c68bdf895411a6dbc60997008f38070d998af93f88fbec0f1f92d18df0aa94d9b34c7f4e382b8e4cda376e6b26ed65b6bc478414a3b7991a5a66598d07700274534b9322c7993659744060be2d967ea5fab02e5d92559a4401d6496b71d6d6531a1dd28c7a43ea8e4ccd5bbe227f36bea41fd55b9512ade3b35ebc612447be6fe61ee10f953ff008b0f64be0b60734b80b8dc711cd72aa795e9604d4945b34008575a69195c9c281927a3dc255cf15b3a5d17b9cb0653e0524545c901a42cc724fe181c6e2df35674cbd65bd2ac4ccecc7c375a515c9a6d8ffb3f0658a36ff71f524aa5a87bed6ccbd44b326d8abb4dacff00da3ea55ad2bf43fdc769962180685bcd31b2d1ece330238108e2f1860c965603a765c11edfa2d3d35be559199e7f57479d54abfc7fe8888cdc57ae5248f0728392c15ba9cf34d8d88a9669e4fdcf0a73cd1ef423c997c996705e5ba3dc1e0029c9d826c72825175eea4e645a355071b6ff004f296ddecbccb583d2e4fd42c8f16d4baa3151f72fe8e3db36523f700eaaad3a8dd0727c17e2bdd95c3f09278027db555d6af2f190a7de17b9979273338bce8de0158949becd7ae2a11490652b6ee681b5c7d54c79685d8f116cd1be4006a405a518b7d190a2df40cfc41836b94d5a69b5cf03969e4ce8c48db46fb959975799b21e99679653518ab80e17e16092e290c86962d9289e4c799fa9d4957215ecda88924acc44c96212f8481b69f50b79452c1b74c3d498a530d008c3db791bd6fecb855ef15b3425de8876af832923c2a5c3fa8fba174d6fb4779717ec5f057bc1f8afd4059fe214571a5b4854e8835d048c49dc40fa2f332d247e44fd347d99318ab38dc7cd225a692eb901e9a4859da0ab043329075277e56fdd58d2d4d6723b4d16a4f2239e7b34f2b5fd95e84392e7b1a8c1ea43626e6363603e4b3aeadbb1ed3367094df085d8e55c60b5d949dc5f6f30aee8b4964fd39c1774b4c9e53134b8b7267b9ff0b523e17f322d791f92b6622eb681bf329cbc321eed850d3c4694f885c073edcb41b108ecd1e17a0cbd5699427e90799adcc48d8eab674b393a929768f05e23a6f2751258ef92a7395c4b2654da5c9ccc99b589de8c7daebcf767aae8f35a50b4164b1ad50c244c2205912755c423e95d8a8ed4ade6e2e77cec3e81798f18966d48d6d22f464b24ad2c95c4ec48b8f2d811e8aba86fa9451aeab52a963d83dd29b10363b2abb527c895159c88ea8b637386c1bf765aba6ae76e31ee68d59b12c1561b5ee7c9a68003d797a6eb7a8d0460b32ec66a288c6be7b63391dcf5575452e8a715f0417592db06fe032e322f332b3e05ed0570d52977c8e4f81ad5bad1103834fcc7f95a6deeb9228d6b3627f932788fc1d5c3e87f60b6bdcdca7ef16222e86e12dbc83a15c57d4bc563a7ae33910b2e08ec63559be26ff4b1f9225d137b960800d2bcae440871893c6df21f53fe16ae860b63ca2c53d64065a97652374d969e29ee44d8928b35b4103bbb6e63c35e64f159138a6db421351e102e3d6eeec38382b3a29e2e497b8ea33b84242df2db44d8a46403a8cdc16fafe8a4a7ad870984536b7051d53c3c1e4bc72852ae367c707a66705a74f2788d5f584131d36811b9722635707cf18fb2f3a8f58d05c4f673479165ed963e6a3824eba78d712cabbd8efadd7108fa66012b19046c2e00868d0f9ebfaaf2fe2754e57378e0dfd355255ae0171d9d81ec21c2e458d8f9e897a5ae5b5e51a5a78ce29b6b8218462808735fa163b28f3076b29bf4d2e251e7245916e5c7b89716acef2573868dbe83a697f92f47e1da6f2a959ecd6d2d5e5d6b219810f88f40b4720eb39c219b9eb8a491e63aee091aafff00197ec4b584102171d81f65e61424277c576cf4cd2c1770df4e8ad515293f508bae6966275d5ad7b5d9dd9401b5c0d86e6fbea360aed55adfea7ca2296de250466dae33696cb6d79ad53771e4bcf793bfedbff6f92227ea7f01984e1de22736c392e2bea751e9c6068ea23cc2e29abd7c14ba91e391f5521ab60cac35c2f716593e28fd0904e516b82a95fa2c6c702db0795eb9223267f107de43e561ec16de9162a2dd7c441837338379903dca65924a2c8b39583706cc680382f3d2972212cbe40aaa0cd1bcf95fdb54ed34b6db17f91d096268cf10bd322f34591b54a191584174b0bf30f09d6e3979fe8a4abab945c3b090c21d63a25593d8d4be19e7b575aba894112e2bd1550583e5da8b5efc0d631a04992e4b717e947cb8b2ebce9e983a8e89ae1ab80f65d923014dc2a3ff00947c9764ec127d1c4cd43c15db88c11a7a68dcf037248faaeddce03aa1ba697e4d8d38e0b335d2ccf08f574a4b811634f3de5afb01efa9567431fd279f7352bfb3059824d9a4398eb9411e65ba5fd8a5eaa8508e6254b56de80a579ceeea6dcad7d168e9a7bab45aa6ddd143decec45c1dc351aab085eaed49a1fb295a37d51233ddb27d13965c82ed666f21648bd371fc08b37b5c00d163e1ce21c2d6363cc2ce9d29f3129f9d87892185610f61b71d6fc9221e99f23e5ea83c19dc5a32d8ec78b81faabf5c179aa45bf0797ea38ff20d85377577935f51d8c1c78a2c95d7c05e1009cda720bb725d88d534b034744e4b772467bbe081e6d0db8ae8cf70daec52e88365dd677884b948e9be41a6635dbb47d1676d40ef9202a8a3fca7d0fee876fc0c8d8fdcc9ce4e624f1256d5717182469c5f05984c59a78c79dfd8149d467cb626d66f9b87876ee592aa5f25577b5d20918732d6b5fd5315715c8afa89e4ccba818d711976242f4354b74533595b2924f2111461a3401340949b645eed41e46fecb809acc701753083b8e882c8a945af9325fa658404e394d885b7a14eca62cf99f8b591d3eaa706bdff00d970a83c95dfa632ff00b963d8f9fb602bc8e0f79921246a707648f76146d3b2743405ce272636c205e58edcefec157ce245dd22fd489af91da83b5f45916bcb6cf470ecccd7c80c8f3e67e5a2d9d32db5246ac1a8c503432657877dea08fd515d1dd02bdcb2835b0662d2761707aee12b472e1a2ad366d581ce115404818363a7b7d957d036f2b23e748885a479b2a09f3168e71c80e3b86870ef582cf1b81fd4392c6aac7178652baadcb8ec1e86b7c3607716572518cb929466e3c1756c19e23a171e006a6e8d3c16f437797729645b855249c5aee5b11f7bfc959538fbb37f51aaa73f721c370b73b7d143b92293d7d71eb919c26381b6240e7aea522526df265dd74ad96e620c5bb441b2786ce16e06e87057734807fdedce7079160387922870ce57ed926174d581e0b83c385f76b8103c8db6f555f5709396705c8ea6bb398b2def15163532aaa9f2b49e40a9ae1ba49070596651e56f630b06b2e116e0b2659da7aaad7d7983c15ed67d1e17822ff558eb828c9327def9aec91b4498b481afb9d9c3e6375ada2b331c17f4fcc31f002dab69d0157b258da4cbafc5702c36075d83cb4f65c65ea2389648ba369372b57c3ac6a0e2bd9ffb3e7dfd49a483d4ab25eebfd1706c6aef996988b4da6c747cbdd03c0b97eebcc1ecba2bc84ff529da46497e14f3518248490db895d823269fb1f481efce49b31bf33a0fd552bb84cd1d12ccf3f06add462fc6cb37626f936636bc990ae86cf3aee56fc2b5b11b51798a2a7d379a97002721861c6f1bb9dc1f56e842a093aec32ac6d4f80cc1bf9a0f204fc96896a5f68f9aeb953916131b7c9267a8ae3db024cbdcd2481d1798bf5b152784293c211f6870f7467be8ef6d33b473fcc02b3a1f10564b64b8f8285f5e7d48330976ce2d7374d6e459c7c8700b5796c447239829c0b9e07ef4523144aeb2a1ad1a2939b32f5f8b926c75f32a45b919cac7c79b30dfc910960d1547881e1c94e05b901b2a487dedb9e86d7fa26b8e5618952c4b28d17e20b45dae3a81a6e1539531668c3512481eab10796916bdedb21853b64996aad5a52e40636b9e6cd6b89e40127d95d76452cb66bd7aa849765b4d492b1ed718de2ceb1f03b97440eea9ac6e5ff62ec9acf06ec173da2cf0d16f558537c90b0b9c004f353b4e5754dcf26ddc7d9a836c9f2a2c9f31ff00c485550c323349003b8ce1ccff00d82653a8969e7ea8bc1d1b9a7d0b9b48c06c0b4db93815aab5f5632f3ff45c8cb772585b9507f7287f8a643906e172024b798bfb285e20dbe8a9a98e5642666e841f2faadef05bfccb5afc1e0ffab638d329fc3c03062f4fb51f39f325f2629c178747d4c4b54354f8f4225d9535e799f75c4265e1c79ae41334dd957901d6246bc0f92ada94b05fd1b6b26adb23b4d4fb959f28af834eb6f266b113a85ad5fda6ed0ded2b1b7a236366770b3e27fa7d152bd7a919767dc34c1bf987a3bf456473e87f02cbd549e7b018c23d954ff116fb2ea45837fdcff71561ea82b5bc2e2b19c15ece85550e37dd6e22b0551b8e6df82e0c598bb8dceaa40664eb8a912c5ee46299538e87a14711532b76e3a3530521cf01d0244bb2dae8ac213884a78a86b2834cfa6e14f2608c92492c6dc937274e2bc6ea78ba58f934abfb5024e3c67ef82bba7798f26843ed0371b1d34d782b0fd87e112aef106076bd75e039ab8becc815c565f064f1f8c36539406e836007d15bd3252ab9e4b504b622cc0e471241248e4492152d54527c206c18517f37dd27e044fa1c4ff0fdf30bd1ff004fff00f57f0cf13fd5ff00fc0ff740abda33e5a7ffd9, '313821', 0, 'inactive', '2026-04-23 09:08:13');
INSERT INTO `users` (`id`, `enrollment_or_id`, `name`, `dob`, `email`, `phone_no`, `address`, `password`, `role`, `dept_id`, `semester`, `profile_pic`, `verification_code`, `is_verified`, `status`, `created_at`) VALUES
(19, '123456789012', 'pratham patel', '2005-10-04', 'prath04102005@gmail.com', '9722719870', '41\r\nVejalpur', '$2y$10$l8RzK8aztLNsm1QCZTQ0fuaKoaXodpAakc1SVjWYzr4nhDBOeU/SS', 'student', 1, 6, 0xffd8ffe000104a46494600010100000100010000ffdb008400060606060706070808070a0b0a0b0a0f0e0c0c0e0f1610111011101622151915151915221e241e1c1e241e362a26262a363e3432343e4c44444c5f5a5f7c7ca701060606060706070808070a0b0a0b0a0f0e0c0c0e0f1610111011101622151915151915221e241e1c1e241e362a26262a363e3432343e4c44444c5f5a5f7c7ca7ffc2001108022501af03012200021101031101ffc40032000101000301010100000000000000000000010203040506070101010101010100000000000000000000000102030405ffda000c03010002100310000002fa929144511445114451144511445114451144511445114451144511445114451144c7382ca00000000000000000000000000000000000000960b2800000000000000d46d789c91f4cf8c87da3e2394fd05f03e81f5cf0bd43a4500000000000000960b28000000000000e5f37e4e3dbf175524c843132b8c336232b96b3bbe8be429fa53e0beb8ef1400000000002582ca00000000000f98dbf2b0804195d791324133131b912e30d974e46796189f6bec7e67f5a7be280000000012c1650000000001e3fa1f9f46bb32261962142d1716266d62d94c596233d74cb2c28ddac7d27d27c07a67d825a000000012c165000000001e21e0f991088016d13641264306dcd79dbacba26c966bc764498e78196586665b35647d67bdf9efdf998a0000004b059400000001f03f67f9f431a24a25bd069eddbdb8ebc73d1cb3af31ea8f227b189e4e3eb60797abd6e7b3cbc7b746b1cf3663ace0b8a6cb8d367da7c57d69ee8a0000004b059400000003c7f8cfa7f988c6ca017bb0f4b1d26dc73c74cf6619c2d54c721af1ce46ad5bb05e4d5d9af59e2d1e8e8d67826c6f96332c4cfec7e2bef8f4050000002582ca00000001f25e07bff003f0a85d98f64d766fd7b797666ce19cb55449942639c8d586ec574ebe8d49a79fab56a795875f1f4e2163ee3e1fef4f4450000002582ca00000001f3bf2bf75f090b713abd3d1bb9f5d9ab46d5cb3c35d9d5b7cdca3d4bc3bb3bea6b45c35e9adba3463ac6c5c8c26cd4bb3cbf4173e52ddf3c7f4afcd7f4a360a0000004b896ca00000001a3f3afd1ff0039831d87ad963c98ebdee74bd374e166fd33033dba24be8b9d9ad185d4cf7725b3a71d39a14adbe7cb9e6c3bf46b3abf49f8dfb302c000000639625b28000000073fc7fd4fca73ebafa77f9c6d9ddc69bb8fb71973e0f4f9778d79756535c9a3d3f365e37b5d69e0ee9d55aa75c5f3bd5e6d8cf274ecca6b0e3edc4f33d0e6e830fb8f88fb2b368df3000000639625b280000000795e1fd67ce72efabc9f4f8d3d5e5ede68b77e79df1deb95cf9edb66af2bb6a75e533cebcd9dbe4eb3e963bf29ae4cfa69a9bf18f3ba75edd63ccdb94adbf59e27bbac06f0000000c72c4b6500000000795eaeb97e6b5edc3977e82c7177341db7ce59e870e1b6cf3fd0bb26b2ce659bcfcbddaebcceaddbee79e7653867a1234366b979f56ec359f7fba5ebc428000001867819594000000000f17cfe9e6e3df6e5ac6ed9cf9e35be6895b31d7b0d5cdd3aeb6e7c9acdb31c8dbbf5d8dd973647463ac35b1b35b3cb59f7fa39ba7a710a000000639625b28000000001e66bf5d9d7cbce8e7c7494c6d2693a2f2e5674e38973b8d546066e7c19db969df59e5666e312cf57d6e3ecedc02c000000018e581959400000000003caf2be8fe739f4cae371d33d7925c30df2ce5cf3c6dcf2d59b59cc314d930da98ec9232c709194c7b758f7733b71000000000619e25b2800000000003c2f77965f9e62e5db3cb56535b72d7b218e791cbafbd5c5b77c8c267ac9ad8518e3667f4be4fd0ef906f0000000000c72c4b6500000000000797ea7c5ea6d8d7c7b6d499decdbcb4ecd9c99675d339c7463ab136e9d7aae7360ab306b3f57dbe0fbdd3880000000000c33c0caca00000000018f9567a3f19e97076c678e3b7cbe8d3b66997a31d794d152c20c68994966586bd766ccf05cf4fdafc37d577e3dec72e7a000000000619e065400000357362f763e47371e9ebf27958565a75dfa5e4cf4e7a8cf3c35f1ebd6c76797d3c9abd1d3acf3e5351b9a246fc74ab66bbb2cd5b7648c706ef4716dd77af3e9f6fe732cdfaeddf25d3e3eff0048f1bd0de7a46a00000c33c0cd286af2acf6b97e779b79f6f8fcd8bd78f34d677e8d73736a6b3a246a651112596f4f26ef17afa1865cfa31d94d187544e5744ad56ea1a337abcca76e56a55b88c33d77376ea99476fa7f39966fd8f5fc36e97ecdf3fe9635dcc72cd619e263e4f97cddf9edd58ce99b242c0409432e7dfcf1d90ab2cb2639e12e575e59bbf6f1ecf3f7eab867e7ef71a8c71cb5598eaaf6f9617af39412803092c0171a26dd436cc69bfd4f152fd86ff8af439ebcf8c7be1113288164a512ad4d3d5af9ea67ab6ef3659616983392e35973e98776eddf37d7a66ec7875c38fa674cf9d9f6727af846197b3cd51acd416e34d6f6b5fcff005792f4f5f5c703b9a9c2f476e2f9197b57974f1afb0cdf1a7b786f3a36ee78bd115cb6961ab0e874cf33a567367ba8c33c796f0f37d39df9f953a6fd0f3733bf662f9cf5e79bb79fdd679bb58b9baf84f5f2edd96f97acc7391cda3d0bb9e668f6677e5e365e8e9f570e4eac3be5cd67ccf58114251280006458802c2596a541412c05898e78d65162012ca464bc1bf765b98db316582a014c59419089512950a40144052190802820a002128965128950004a99616ae52454c892c82a84850010aa200002a02c0c92c01494618ef3b6eb89b1a95b5cb379eabcb4e972d97a1cd8eb3d7af82f5c756ad7abae3a35eac7a67a72e76f1bb2e7abbe6b635bb2d59e6eccb4e39bb73e51d978f566fa18f1e75b5aa6b39b563a9bf2e7cacdd75c5dd34611d5bbcfd58d7b17cf98d756bd2ed8cf1c2f4c679686b3d187317ae7213ae7263a7665c30f42f9d0eed3cf959bb5c9a929a98e58d8ca1a2c4455634850b9628ce605ca16428160006342b1c71aea73e467856f241502c04a26508a22c2810562432c728891bc85c58b5091931a64292c280058410b051090cdcae39eb32c048b95c7240a9622cb0b2880508c6cb8d94994ca33d195cf4965df310ca4a4a86565a25008b0ca5240b16084639e1d3c7a68b1df9504c6c972b8e454b62290a400a31b8ca2010cf0cc0d21232961284b28b0652a96012328b640a210913bb87d2f0fafcfb8df7f8e9092c96d94b65a11290252ccf2c6b44ebcf974e27a1717cd9ea6dc6fcce9ebdde7ebe6bd24793cfefb78f067bdafa4f16fa98ef1e63d3b5e64f56e75e55f62e5e2df6aaf88f72c7897dab9be1e3ef4b3c29ef6167893d7d7b9c1d584f37a7987d7f9d604843323b771f1fdf69c37952eaec30602a968463430d856508513082e544942605b360944014080a18e21e70f4e7fffc40002ffda000c03010002000300000021630c30c30c30c30c30c30c30c30c30c30c30c30c28000000000000000000000000000000000000000a000000000000001062823860000000000000000280000000000004b3ede9ff00ae2280000000000000a000000000006fbe8ebb278e9c10800000000000280000000007bf5ba8b6d8ae8e0d76c0000000000a0000000002ff00969e7449eb914fedf9800000000280000000164dee70f70871056a065b7000000000a0000000069b8c3b6bc98efa078be2ac00000000280000000321f6217312182f9fb73db7000000000a00000000fe62dd25d403d07dd62e2b80000000128000000036df02b574c0d0e67a557a8000000014a000000004a2c83697599d584c193a14000000042800000001084fc8280604652c487f71000000000a0000000016ca22c9976e92b38b8db8c00000005280000000003b5ec96f83760d5611949000000014a00000000002b711d7d4c2aaa2f28000000000052800000000001e8573e1a87720897800000000010a0000000000051362aa5c6daf256800000000000280000000000048f2b2051c7dc008000000000014a000000000000078650b0e31b1a3000000000005000000012c12d3bca504df800da24e010800000140060f20ce29a9e3ad4d9ff8a561d242a35c430050860642859b095542f796cf6bcb1628baf3bf39309374f62a00b54411ac2aa324d3a68b9a23a112e57882c92ea05ddafbe0cb059bb886f9253324a100ceeb98896025bd53bc56b8868f20d3d4e1e0c85d13fa821692faad3963712bbc5c13e7ed92cb0c4a187e22309f0a63923de652350cb2034568514fd2d67d13207aaf43a2865f75526a2df53321a9b0f3dda291087acbce31cb73e8f8f90257414210b65b3439bbec77dbd76f784bc735b1e8ed20214d11a207b31d759a3dbfefed21437f4386829d1890664803d30fb55c001c7fdfc2753925752ff54fec02e54b6df70075d00175f7400a2f8077e84371f0df01c81f07ffc40002ffda000c0301000200030000001030c30cf2cb0c30c30c30c30c70c30c30c30c30c73cf3cf3cf3cf3cf3cf3cf3cf3cf3cf3cf3cf3cf3cf3cf3cf3cf3cf3ce36dfbdfef3cf3cf3cf3cf3cf14f3cf3cf3cf3c9f092383420dcfcf3cf3cf3cf3c53cf3cf3cf3cc9cfd3ac7ce3a96ffcf3cf3cf3cf14f3cf3cf3c8e89d24ee9dbcf763d334f3cf3cf3c53cf3cf3cb18af78a52e0810fe4a24f7cf3cf3cf14f3cf3cf3fa232e490fea006fe73440f3cf3cf3c53cf3cf3cbe4828b46e3fefdc56e5bc3cf3cf3cf14f3cf3cf0d1049cb7d054b13315fa48f3cf3cf3c53cf3cf3c7b1a6013b8a2c91c7c18dc7cf3cf3cf14f3cf3cf2b87150572369719ed5e266f3cf3cf3c53cf3cf3c866ad33c024e8264b804dd3cf3cf3cf14f3cf3cf0fca1cd896abca7bd9391ff00f3cf3cf3c53cf3cf3ce147892c5e170ec78733753cf3cf3cf14f3cf3cf3ce08ac207ba2476b474f7ff003cf3cf3c53cf3cf3cf3e43b2d207a53b7a1796f3cf3cf3cf14f3cf3cf3cf0b654e735c9338adff003cf3cf3cf3c53cf3cf3cf3cf955872893a6abc9bcf3cf3cf3cf14f3cf3cf3cf3200ce8a9791aee16f3cf3cf3cf3c53cf3cf3cf3f479bcce1498cbb4534f3cf3cf3cf34f3cf3da9020851d94ca5953d6cfeeef34f3cf3c73c73a04d9be7d9a1bd3262c3a5965e9eeefc3cf2c0b1ad787d78b9231cc777fa95e859a0a6aa298dfbe16fc1055efef474782962bc71400cda0b16171649b45604065836499255d51d6ed17c0dd6681f74229f93a191134945534a887029b846e467d420b6464371c89b75c9fea538e3cf09c797ddb609935b4573338e322447aca53cfb95ebf81bf05a4ad22179b18048292024b5d7af78284a00f0bc2edf79f6ea413e60bacbc741ea52b81780a43949a4acf79443ad94dc0bb60e52c84574d637b1ec13ed37abacb2f31e77c9aa6df577139fd2770c62e832e5e0b2a345deaed6f492dc48539c81fd2b816bf0dc99c3082fa085d07f0a209cfe37438ff8e10e10fc7df8e38fffc4004c1100010302020506080b0505090000000001000203041105210610123141135161718191202230325292b1d1141516233340728293a1c142434562b2445354d2e107343555606383a3e2ffda0008010201013f00ff00a06eaeaeaeaff55beaecf0aff5227c811a81fa81f24755fcbdf59575745c8bd5fa55fc01e54eb24053541048084f2fa48cd21de572ae5cb1de9b314d92e81d7c7ca9d73ca064d450d4422104d7a8e537b20750dfe5e47ecb494e39aba0afa8a28261208ba63839bab8f953aa4739ef36ec5b2c1bcdca0203c0a746c4e6d914d09ad8c6f45d0a0584a89db0eb5f2d43ca9d4d86571becdbad7202f9ccdec04a6c0ce123cfdc5c937849ded213a1908bb4877515c84d6fa277726d3c805dc433dab926036bbddd5608c0c1fba77acb93841dcfef0842d70da6bd484300248b1174c7070b8f2b52f6878078054d338b2469cc6ca7ca5d03c65704051b80099334816214b2b0efdea124cb6e84ead6871018481c54af05cc703911928e40d162d29d5213e5da1b85d31c5b091c4bd4f988ddd1d8a95fb45e3a8f95ab8c899afbe4e54ae003db7ea09b9b9cdf4c5bb56db90939c2329e0334dda8e2738f9cfc87522a3bc9118ef98cd8b9478c8a2f72da4e246c30ef02e7a09529ca21d0a91966171de4f95959b6c21460b643d4549915b513cdded20f3b6d9f614041e93bd5ff0055b7037839c7b87e4a479738a0dc935e0232b09f1da09e7dc4a2611fbb3eb14650df318d69e7de7f34d249bdd3b32c4c6ecb40e61e58b9a6671039d481660ada2b71cd0e4ee49bad80773ac888804e2b3d4c19a91af3b3b2d27a428f6b61bb5bed9f96e422da2ed9cca905ae398a29ad272e28c440dcac7996c9e641a799089c7827b5ad6ef5c53066a216637ea152ccefc0a210c96dbb9d091dc735b4de62b6f98145c4ef29d7280513769c3ea323439a42736c5108a0e210924e746479c8940dd590175047617fa8d3c224e509170d6fe6516dc22022db84410b35c531877ea63325b0581a0f1683dff508a19253e236fce552d33a28de1d6249552c7413c8ce62886bc656bab39a89077b559886c0e0b326c1323b5894d05ef6b1bbc955713be6f65a4d85bcacd8851c06d24ec07d106e7b829b1e1b4194f4b2c8ee9047b2ebe0fa455663176401ef0364101e013bd470c50c6c8e31663000389b0e25385962d4bca422668f19833ea41f628480ef5b00ee217249b121b0d08c84ac3a84c6d134adf18ee07804d65d5551f2cc70610d92de2388b8bf0bf42754e2506cfc270e7e66df3676c83d20213372db0584ee0f16f0e282697cc61239d370c94f9d201d59af88e99ff4af73fa0dc8eebd947855344008eec1ccd0d6fb026d342d16d807af34228a12361806d100ab6a20105a771588d1be9a6dc7609bb4fe8aeb6dc1095cb9429a1ef706804926c00587e1620b4b358bf837804734d160ad729d1b1cef198d36dd717de85253f8df34d20ef0731dc53b0ca5b8d86f27d0dc87727e19e849d8e4fa4a866f8c9e919eba7c398dce4f18f3705b200002b6b0a640df31a9c33ba91914cc732460734ef0556605236efa67ed0f40efec29ed7b1e58e696b86f0458aba8637cd23638da5cf71c82a0c3a3a466d1b3a5233773740406ab2010f38f5a3e04904520f1d80a970d3be3765cc7572727a0eee4637fa256e39ea1beca7ada264e217d5c025bfd1991bb5d56ba6119b788b65d7a885b2157e2b4387b0ba7973e0d1992b17d2d9ab2f1c34d1319c1ef1b72767328f11ade2f69eb6854b8c6214923a48e70090011b008b2c3f4bd8e01b5819f69991ee54d594b52c0f8256b81efd65cd682e73835a01249dc00cc954da774e66984f472363da3c9ba33b4e23f981b28b4cf02900db7cf11e67c57fe82e5f2b347ff00c77fea93fcaa6d35c159f46da997a981bfd642974f47eeb0bf5e5f7357cbcaabff00c3a0f5dca1d3c66426c34f5b2507da15463d8d54dc4b88d411ccd7ec0ee65822f7defb4ebf3dca05c1e1d73b438df351e2f8b45e662556db734cf5f2831eff009ad5fe21526398d4ad2d7e295641de39572000e016038e3f08ab92411edc72b036465edbb711d21334d7073187b84cdfe5d9b953e9ed000791a29de799e5ac1f912aa74d3179c9d91144cf4580dfbca9ea66a8797be424f4a17e8ba8b0c64581cb5cf1f385b701db834b80161ce77a748e273283882a3aea98be8e5737a8aa3d2dc569c80e9b946f33f3547a7140fb0aa8a488f3b46db5691e93d04b853e0a29f9492a3c476446c338defc4f90ba286acb595c2dac14d52e2159241f077cef3103933ab55b58289f02fa823a8a08f8210015937780a382791a0c70bde038825ad240e3c136299e4ec4323ba984a7b1f1fd231ccfb40b7da858ee20adfaae8eab6ada1ce3bd65a8e6d08a2980bc80c6971e668daf62386625607e0351f86e430ac508ca82a3d42860d8b1fec137680143a378ac8dbb991c5cc1efccfab74746715f4613d5205f27717bff00bbb3f159ef54fa2f5af3f3d2c518e825e5334529079f5533ba835bef50e098544cd914ad79f49e4b9ca830b653b2514ac7ec12368175c036e175f07abcbe6a5ee28c3381e344fb74b4a752519f3a9a0ed8da9f87e1aff3a8e9cffe36a7607843b3348dec73c7b0a76018439b6f8281d21eff007a1a33850ded98f5c9ee4347f076ff006627ae47fbd3706c21bba8a2edbb9330dc3da7c5a0a7fc26fb90a082d950c7d908f72761d4bfb541176c2df726e17417ca820ec887b957e054552cd911881fe931807784cd15a00ebba6a87f45da3d814386e1f000d65245dad0e776975ca8e09c8b3227db8581017c5f5673e4c756d0430eabf41beb05f1654ffdbf590c2a4b78d2b6fd0095f153f8cedf557c58de3507d44dc2d9fdebbb828e829d86e4177dacc21147bf936f7051b58d19340befb0b6b700778056cb47008b233bd8dee08c103867130fdd0be0b4dfdcb3b908611ba267aa100d1b801d415ceab9e72ae6fbca9a28a670db17b0c90c3a947ec13d6e2a38a38f2631adea0ae822822ac56c81ab244dcd933738f004a65431ef206fd433450f2051367bbac21bb55d03e067a8ea1c5305c381e24a8a95ed7b4b9d70d39208e4af7d4df08a2562d57f04c3abe7e2c8cecfda70b043723a86f1ab7780e76a1bca8cdcb8ff0031574ef001d57475dd3969855111c74c0f9ef0f775019209dac144a17e00a0d76fd92a6aea286fca5653b2dbf6a568f6952691607193b589407ec92ffe9053f4bf006eea891df6627fea02974df0a61f120a993b1acf69557a638a0aa7be94b6385cd0444f635f62869c63838529eb8ddfa3945a7d521a04d8744f3cec91ccfc88728b4f698fd261b301cec91aef686a1a6d81bbfc50e8318fd1c8e9ae07cf53f85fea9fa6f850f320aa775b58df6b91d3da21fc3ea3d7623a7f4bc30d9bb656fb93b4fe3b78b85befd337b9a869fce3f8647f8c7fca87fb40771c28764fff00c26e9fd37ede1928fb32877b404cd37c25fe7c354cfbad77b1cb19ab86bea65a988b8c6e6b433686c9c821b91d552e31c65cdc8ac6b4b74869de4435db1d51c7ee50e97e92cd60fc566fbb669ef6a76298a481a5f88d5bafcf33fdea4a8a89c9134f2c8399ef2ef6a6b5ad39340c93b53b7052f9ff0074208a1b97ed23b9313f70d451d450dcbf87c1d5faafffc400431100020102020605070a050305000000000102000311043105101221415113718191920620223032526114162333404254b1c1d115437282a16263e1446093b2d2ffda0008010301013f00ff00b0ad2d2df66026ed77d425a11f6203ccbf997fb101eaafaadebf2d475053364c14f7ce8b75e15846b10fad10ea552c6c250c2aee2c274148fdc1051a432403aa74286742b1f0e0ef8f46d0a9138ea397ad1af0b40db69a0d57368203a9a9de56a3b898467a8fae129532eea2dbaf7310580f345e5e5c47008369550ab6ae1eb46aa28b4e98eab985aa3642c2d09c408b51f8c53712d1898cd54e5053afc4f64d9a8b2b2f494ef6de351f5a266475c6c4505006d5cfc05e0c4b0ca83f69023621eff5683fbe74ac73a3dcc0c5af494d9b697ac4f9450bfd7277c6c452248505cf709d2d5b6d59147326f0625eff005c9e13fbc156b919a13d463e21d1b65e98ec32923d46b2ae46c654a6d4db64dbd6e02931a6efccda6328207a4c0589694e80a788a64644122fcc4a88cc46f36e31f0d501371bb81987a1514ef1e8dbbe6240e809f88022e009517a962784c3a101d48deadbc4ad419c821b701945c236e24802f29d2d93717b4a881b10a6db952e661773554dd6daed1348520a2930f88f5ba36b29c3bd33ed29b8ea331c87e89c7022fdb1f256f75ae7a8ee3020b6f8539133a31ce30152b2a8b6ca6f3d7aaafd15515781167fde055cc719612d14062ee3226c3a84c3aefac79b4d21576eaaaf051fe4fada154d2aaafdfd52ab06a43ac4a46ea26cd44164716b6e0c0eeed10f4ffedf89bff99b15db37551f0b93fe6d295308b602136319430220a4507a0eca3958301df02d5e357b92dface881dcef51fe04803b944205b70948d83df2bc762eecdccdfd72a38c3283bc802f289845e74621cac25985ac66d91c25dafbc8b413641968e458ca4d48060cea0f10654d8e91b63d9beef5df2aafb0136cda516bd8f3114c66b082a826d78205f888ca39c670bc77f2111dc9cad098f94aa6f51cfc7ec183a971b3c4180cce6c2f289b033dd37f07a76ea8cca058b83f010efc84510995dc2a13f61a4fb150188c0880c1009b34ce62045190969784cc555da6d9190fb0d47d92bf1311f648be5797b8b881a0b34b0d55180d556a7085b699ff00a8fd81ea2266655a81dd4898722b5143cc080b533637b4055840186465de1dbe73640952b5b708c76559db80bca2e2ed7399f5b4f0b88a82e94988e790ff00329e8a6b6d55ac883ac41534461c3fb554aa93722ea48e12a3bbb33b66c6e7acc5371346623a3abd1b1f45ceef81850110d1653e8981d9730674cb1abcbd478290517331d8c150ec27b2333ccc6328d708e0b5ca5fd2033b71b4187c2d4dae8716a6c2fe9fa371d661a6dbf66cc066577f9ed5113330e2d064a4cf97d55f6142f57ef9c6c6d673e96feb24c355ee2eddd0bbbdeec4d86ae32e6e0cc062d6bd317236c7b43f5844d813a24e53a25e518a22926c00172663b481ad74a6484e2722751d41885dc48e73a6a9bbd322dc41b1ef13e5556dbdb6be27798b8ae0cbdd16b536fbdaea6259ae1770f34ca7f9c339453ce23d4a4e1d188238cc36994365aebb27df19768885594329041c88de25a5574a48d51d82a8cccc6e39f14d6175a6325fd4c24f99f7479aaeeb9345c4fbe3b46adb5f7877c0cbcc4bcdf0e52961b1069975a154a7bc10dbbe3039f3fd3383502660b4762f187e8a9eee2e7701301a1130a769b10ecdc429d958d87a792dfbe56d1d86c4285aa85803702e47e5319e4e8cf0cc7fa1b295f0b88c3b6cd5a654eab40a5880a09248000cc932af93557613a2c4297b0db0e2c3b2d1fc9fd24a6ca2938e61edff00b5a7f03d29f871e34fde53f2771ed6da3453adaff9089e4c9fbf8cf0a7fccf9b543f1553c2b2a79347ee62bb19252d1b80a3ec616903ccadcf79bcb0b7b22585ad616e51b03827f6b0b40f5d359fc3346fe0a8f8044d1f80420ae0e882323b020bcd27a3d31f4114bec321bab5af9ee20fc0c6f26f1bb442bd22399244a7e4c6209fa4c4d351fe9058ca1a0347d100956a8dcd8fe8222a228555000e50ee1710628b63928827605ee40cc806fbe1863d3a6e2cc8187c45e57d0ba3eb5fe8421e69ba623c9ac42fd455471c9bd13345687c4d2c68ab88a7b2b4b7aef0769b87779a35713a972f346a1af8de31b5bb6251a48c5d5006e7a8ced971ab3d47cd1be18b979bc65f58d556a5346b33a8246eb9b46a94d45daa20eb611595bd9653d46f0832f0184883ccb6b199862e518851762075cf96613f114bc421c76086789a7e210e91c08ffa9a7df2a697c121b0667f8a8fded0698c11e353c067f15c067d29f034aba6b0ca0f468ee7c22369baff00768d31da4fed1f48e35db6ba62bf0500098ac73d734cd775256f636b4e928fbcb03d3bee65bf5c15f1032ad53c462e2f16b957abe230692c7aff003cf6853f98834a6381bf4d7eb55874ce3b9d31fdb0e96c79fe701d48b0e90c79cf12f0e331473c4d5f1910e26b5f7e21fc660c5d7e1897ff00c861c6e2b8e26a78ccc2e93c4d0372e6a2f2637b7546d378a22c29d2079d89953178aaa496aefd40d87708d513ef38bfc4de7ca68dfdaff061c4d1f78f719f2aa5feaee9f2b5e087be1c58e087be7ca89fe5ff00987147dd11b115185af6ea9b6c7ef1ef8c4922e49d57837652e66d37bc7be749501dced3a5abef99b6fefb77cde78ebb4b4a6ee8be89b4389ad6cc0ec8ccefed31300f304bcb9d605846cc764af82af41033a8b5ec6c6f6ebf5a05d563412d08d620d425a5b284d8a9e40195f1c9569b2ad2b3301b46fcad9776a1329c21f346a0268dc3f4f8cc253391705bfa5779f30f9996a0357011b75ba86a1e6107ccb6b13c9ac3ddea572372aec2f59ce183591be01a8917cc44c3626a7b142a9ea4262689d24d9612a76d97f38ba07499fe520eb7113c9cc6b0f4aa515ed2df9094bc9fc18a28b5aef5066ca4ac3e4e68ee7581fea1fb47f26696dfa18a751c9941fcad1fc98ac3d9c5a1eb4227cddd23fec9fee3fb4f9bda4b951f1c5f26f1a7daa94476b1fd27cd9c47e2a9784cf9b35bf174fc060f261efbf18bd94cfef3e6cd2fc63f827cd85e18cefa7ff33e6cd5fbb8c43d68443e4e63865528b7691fa4d15877c2e0e9d2a960f76bd8dc6f30c1c27083da130da17463282d87bf5b31fd62e85d14a45b074fb77c181c122fa385a23fb044a54a9b7a14d17fa4012e6d9eb5fbdd539c10e70f0d4351d421cb509c252fac33ffc4004310000102020508080405020505010000000100020311041221315105101330324161911420224042527181235362a133435072b11582063492d1f0246373c1e1a2ffda0008010100013f02004858a4305218290c14860a4305218290c14860148601486014860a4300a4305218290c14860a4305218290c14860a4305218290c14860a4305218290c14860a4305218290c14860aa8c14860a4305218290c14860a4305218290c14860a4305218290c14860a4305218290c14860a4305218270154d885c3d3f5576c142e1e9faabb60a170f4fd55db050b87a7eaaed8285c3d3bac58d0a136711e1a38a7e5fa08d9111dec9ffe21b3b147ff00527e5ba693b4d6ff006a196b28f9dbfe9472d53fe6b47f6a753296ebe92fe69b9429edb4521ffca8397e94ddb63227a764a665fa19db6446fdd41a651638f8719a7f9eeced8285c3b9d269947a336b457cb01bcaa465e8efb2043a83137a8b11f15d5a2b8bcf12a67c8a63ea55879f985c6af25e879af65cd1e0ab6e74c295a0cd41ca34d81b11c9183ad542cb50e3b83233746fdc771ee8ed8285c3b9651caed81f0e0c9d137e013e23e2bcc48910972b4ee280382ace1b82d21539f8a5ea15d78f70a40f894885fca9e285d782a5859c17fc92ecefb951e9f4ca31ec4425a3c0550b28d1e963b264f95ad3dc9db050b8771cab956f814777ee77fb662adc14f829af653182f42aaf055a56152054bd95cab4ef5353577a286f8909c224332e2b26e546525ba37d9107dfb8bb60a170ee1963290634c084eed9da3867e4a654f309a7043d731e282254d140c94e6a6ae40b98e05a6581592f28977c28f13f63b1ee0ed8285c35f95728b68d0cc369f8ae1cb8ab4fae6ac4dfd4921c1140c8da8fb2266335fd46db3cd78cd062c286facf6174bf9544cb712b06c4842afaa87161c56cd8e075ced8285c35d4a8eda3c07c53e10a2c5891a23a23ed738ab94c298eacba8119ef41118deadccd3229d7a1bf335d56d0d13e284481e2833388593e922144355e25bda98e6b9b31ad76c142e1aeca94f34a8e403f09a7b231e39a4aecf3cd2578521b9559a92aaadbaf0a59a4a59af1987f0884d921c7d9cb22528c46398e7dacddad76c142e1adcb74dd041d1376e27d867967f75ecaddeadea4b8ab155f64e6e0aa9b94b38ea0cd063ba0c58715be1bc6214388d890daf61b1c27ac76c142e1adcab49e934d791b2dec8cdff0af4ea0692a1d15e6f5d1062ba19f32e85c5745736e5a3fa65ec8b1c6f6cd5503710aa1c268c3e0aa1f2aaaa416feb05919d3a1370064358ed8285c3594f8ae85438ef6de1b621d50135a2fe4a0b2b5bb9040296792aaaaa2d4589ccbd54555384ba833e43738c1880ee3ac76c142e1accb8fab4075bb4e03ab720a0b09ddff00c405c10cc14bac5146fb95545b34e66622d52de8a1785917f01c652b758ed8285c359fe2277668ccfa89975a051c3ad721986a4a2116aaa8b5446a2acaad5bb31c564b7d7a1423c358ed8285c35997eda5c118435391cf2404dcd6a609097506a64a488442882c4eba7d5c886793e1fb8d63b60a170d665e6d5a6437630fa930a8f0c8ed9bcddc13730d6108ab13828d0e5322edfd5c942236850daf122358ed8285c359fe2267c380fc1d24ecf46855cd6370bbd501b94c344cad2ae9125d23ea4292d5a66e2ab02a79e77a2f9491a4609d1d69dcdbee423d6deab8b9cabcb6b9a2d9fba8aca8e473c2b214318346b1db050b86b32b4231683140dd6f25b90b17fb2a3b6ac3684f7551c55573cda8325c568823088c7356c534dc83ae559128b9389b6de09c66aa39c9b46c492b40d5a35524a1cdb628f0eb43388b95e2798a85f850ff0068d63f64a170d65244e8d187d050cce94dbe8a089436fa22bd556e215767982aecf32350f8822d42c4372055a894506f0576ee762319a2f30ffd4ba44395b119cd74a81e75a7807c68161f1852b3d95593104c137c318b82000000ddac7ec942e1ac8f2d0459f94a1bec325350dae8911a18d2e51a28a35563986729ae98e264d87eca749bce8dbeb6a1163b8c8451c64c002d255be9717da4118f0f7d2a90abb5db34889f644b9a65a5e6d9af8be563ff006991fba6d2215a0870e0426522011f892e053e9546036e7e88d2e1c8761d6dca5177d567a768f32b42d75aead2e2518943659a0694292ddd4786df64e8e27da6d5f6b1716ca5822c86ebe13547a38636bb76778c150ffce51c7d4a2d1dba38e7c4c71dfc542805d7aa0d118ea5c1e0eb46b5fb250b86b29427478a3e95a68511d2b95228b64c0b574982c890009d9b5542ca4e115ec8ad9c80919aa0b0557bf7ce413804e88e70aac1218ae88d8701ef94dc1bbd4374201d598e713748c951a1e962961f24e782731f0cc9f68c53586565ca902c63cdf3aa51b0a2673e2a8ff88f3e58762976665083162196cb553a0e84c2aad932acbdd448a627e254901e16c9318d143861f829381eca6ccdea20f8317f6154164eb3f09009c2a521f3c538c9bd95433a2a5c3771b75afd9285c35994a254a2bfeab1060426df44d20d284aeac53e1e918e6e2150a7a03887da9d6aa8d2a1c67b6c2cac13a8ac2670dc5a302a054820865a5c368ad23a73ac27e8a553b427337aa5d9a36ff72a2d19ad6825a0b8a74286e16b42a9d1e961aed97593e053182755e269d0edde7dd1b8b4b491815a385304420116d6b4ccfaa94d55516c8114fd055159568f0f8daa9400a45d820cec900cc2a8a13ab4263b11ac7ec942e1accaac9c386702aa0289ec9139261939b57d90b24a132a526910fccdae155b5545a2e28435a241ad6dd7aa96daa18e934b7bfc22ef64335360692159b4db42a3bb4d083b7ef522a4aa2109545555307c1a9be23c35112321b952c7fd4b3f6a694c875e2b5b894000001ac7ec942e1ac8b0c4586e662aa96d7694e13461d588cf508dea91f0cc18ff002cc9dfb4a9768a0d55154550a0d54f8ba387a36edbfec1516168a1009a8a2bfca52ab7e5bef4371dc45f9a4a59a4a5a4a64fc1047ffa2a4a92cf8b0ddc2498d59321d68ce7f947f3ad7ec942e1ada741b74bec501d9557b4279a424411306f4d79a2f622ccc3f044ff00d14c890dd73c2b310a411aa2f70548a74287633b6fdca1c27b9e6345b5c536e4114e548861d7dc9869345d91a487826e52a3f89af62fea142f3afea544fa974f61d88310fb29d263587e13785ae4d6b58d0c6b64022a3eca36355021d4a3378dbad7ec942e1ad88c0f639b8856b1ee61c56fcf29a341a3bbc32f45fd3a1ee8d147bafe9cdf9f139afe9d037b9e7dd328d021ecb14a6e9e1982b11524cb096a0d67942d1c2f235546794290cc51516e42197c46f14d12006b5fb250b86ba9d0c36356c736e534334d4d176631032735d2d84dcee49914117aae0ef5123cb13c026d2bfed909aeac66a68153535344e68a9936ba6372a346d2c20ee7ad7ec390b86ba33cbe238a9f696e5340aacab2ad9a69ed6bef5a268b9187bc5854a370421a105b7c9045565594d5644e6d0c58f310c4c84da352899684aa2c1d0c2abbf7eb5fb0e42e1ae8f402f71731c02664c026e7be6e95982baccd353535353cf356caecd22adcd34e74903340f53260fc476bdfb0e42e1dc292da91de33cb33e7b94c376a69b1586e72ae1072ac460ab9c14dc77a3100f12e90d4234489f870bfb9d62a8ef15a54365814b39541655a3b78ebdfb250b8770ca2cd87f55cd524e870cded0ba3338a147671e6ba21dcf72e8877c57ae8adde49f75a184df08440e0a798669e6956701894c6d56346035efd9285c3b84785a484e6abac39e79a4885685a4c42119be65a7fa969c7996941b95ae40669aaca79b27c3af1ab6e6f7089b250b8771a7c1a912b8b9ca7d69230c1468ec5d15aba3377042180a59ce7bcd8a87074504626fee11364a170ee34b8622407f0b7a80f5659ce62512a79a6b26c0af12b9b9bdc626c942e1dc69f4dd14a18bcde8df2ea028140a9a9a9a9e69a7394f34f364f686d159c6dee2fd9285c3b8d322578ae77d49ea6866b507aaeab2acabaae8bd17a2ecc4a9a9ac9749f88e82ebb77717ec942e1dc290eab022bbe95104c2066d6fa27055a4ab6692b42aeabaacb485562adcd344a9cd35515f56331df57717ec942e1ae738344c9517298ba1b7dd46a546890dc1cecccb26dcc59356b507a9a9ab149494b3d645caf40279b2437a87d92d50f284075e649ae6b84da41d7bf64a170d597345e53e9905bbe69d4d88ebac516911229b5e64a689b0a0884d35adcc5b34e8445ca645eab29a9a9a9a9a2e45c8041a89004d341369de820e50a33e1bab30c941ca30de24e127211e11f12041b8eb1fb2536e1a874586dbca75306e6a7d2a21f122fde5c9f4803600f52b4b14b4d6ab6dd9a79a5dacc0d5720735e9d081dc8c1c15578533c5565595aaa1421a0d464148b8ccddb87526a76ae924193402994b90ac1ea16539de2cc5329309fbd020efd4bf64a6dc3ab12970218b5e9f94c9d86735129d11d7b82d3cef7aaed3e232462cae4e8af29ae71be524d33884f0eacd14c76e40e792aab46168d68d68c2aaa49ce9294cdbd78864f69e0b491019828bab04224469b1d2f450b28456f8edfb2665760fc56fb850a9b468bb31075dfb250b866891a1c31da728b952f10c2894a8afbde8b9139e6738b930fc5f6ea1473b4a9f52c56220662539ca5a88be142d0ae57e60e2149aebac29949a540d97950b2c3bf319c943ca1467f8a49ae6b85841cf13f0ca2f6b19371958a9194f7421ee9f14b8cc99a9a9a9e69f55d72064f69e28dfd49679c935c0ea1c73cbaf17c287583cdcac2a4991e2b2d9a83955e36ed50a97022dceb704fd82a3522245da2a7ab72729d6634f0ea9ea08845e9ae0ebbaae74971d544da1e9a99a9a9a04850b284763647b438eb5cbd542b9c38f564a4a59ee3c7017a850e9076e4071bd687ea5a2762108401ed3bd9458511ae710e6bbfe5c8ba464e616ea77a0d7bcbde1848c75135271f0bb92a913e5b95489f2ddc95a2f6b87b298cf30a614c298eb8871626cb09fb289478ecb4c3e56a87b7715bfaee73597950e1ba2f01c14286216c43971debb5c15b8a2f95cbb53dc87ee9a74379f1fd97458ad330f4e755db12e285bb241eb5b76298da8d00274082e332c468b00f865e8ba133e6397421f34ae843e69e4850e16f2e2851e00fcb08485c005339a6715328b5a6f6b4a14387e2712840802e86159805660396636de02d0c137c26a345a3f93eeba1d1f03cd743a3e0ee6ba240c0f34da3c06f839e6281519951e45c37750d9e24d6c47ec4329d47a49b26d68e0a05121b4ccf6bd5550ad08dbeaa2c46436cdd70fb950a3448ce9c806a10c6f52cc42743695d0611dd2f4468b11bb3127ea9da46edc3e48106e39e8cdacf9f97bec93a1b5e24e1628943b8b1ee6fdd32867c514ae8907ea3ee99020b2e8633d519ad4379c153224dc210b6adaf5421f1a261541d4493a8f09f7b11a1f96291eb6ae8d1b73da78a86c10d81a3bf942cd47979a7d0db11c5e1d54ef5060360b642d26f3ab03f48dcbfd936efd53705bcfa26ddfa99b8af227bd8d2417b67b90bb729b7cc10730dce6f3523fa6dd791cd69a08fcd0ba434ecb4fa9b13e3c4bbe1a73db11bb0ff00e544ecd6ecf64ca6aac3dd69554fcb32c576cd8015db689b415a7882d9ca68c68d676d08d1a579f792e90fdf50fb21491e51cffdd18e0786df54690ff923fd4ba401b6c737eeb4f07cc56959b9695bbd69dbb87dd74afa42e92fdcd6a3488c8c78e3f30142911b7ae9313ea1c969621b03dcabc7f3855e9027715a68d77fe918f145edb1437870bfab23823217b805a585e7429102ed22d2c3f37d96959f5f25a766e0fe4b4cdf2b8a349c1bcd748897c8725a78bbe185a776f8242e90eb3e18e6ba4596413cd69a2b876612718be27cbde4aa5b3b3d95d7928ce5bc295669ed4a7c11b4036f34f896bcb592bb7ad28bfb7e8b48c9cfb7ca68c569f32d2b6cedfda4b4af70b0872bfc2ba3c5f27dd5488371f62111108b4bc7b2a9bab85a33b8842245179f5deabbbccd1ec8b9bbc8f5017c2b2d77b2153735c9d65d0b985589dcc1f6558d96b79aacdf98abc3df15bfcaad03e77d90751a56b84f92d240dc07345ccda98167995667ce6a27b27b60d899b2676a0f61f10559be6463dbf0c0f5463c52476a5e8887d959ee3eeaa89714daa4efe4be1936ff0008884d17b9570379f49aaf58ef1eeac1f9cbe18de5d2530f9f64f05dbc4aa910dd23ef2551d6931583dd5825f121838a3161fce9ad2c1dc02d2325bd5677a2df79e6afc534bbb22bbaf58faf54fa66905cd4bd573e6bdcf3559e2e72d23f11c9577f99577f9ddcd5be63cd5f7a90c159d690c066e2b4865b0149b75abb18735e8c523e221a157862e89c918b0f757e4b4ce958d03dd7488d885a58b8855dff004aaefc42aeff0037d95a6f71562e6a4dc1767ca1598292bbaacdbf75bbbdbb67308e478169ddf2993c517c475ee521ad975ef4dfc577ed5b877b89e1ef0730db7fec4e3264d54173ccbff89a7bcbfc3de0e607b4fb7c09d32d972462ba2971b246764b79dcaf79b25212ef2fbd89826e1ddf7e617bbf6adc3d1163499a94ba87bac4f02a309c4f6ee7bbac368fec5b87a77b7f87d551876278f796fe23bff1adcdd60d7b84ea8e29970eee54d51a188b1de27668d7428b21db6ae891be85d12918379a7408cdbe1947d0f2535319adea4d5618a98c54c62a614c62a7ea831fe47293bc8ee4adf29e4b9a985318e7684c75bd53a9b315318a9a0c886e639747a41fcb5d0e39bea85d05fbe285d05bbe295d0a0f99eba251f071f529b0608ba13533f122d8059d5995c9164275f0da8d128e7c32f75d0e07d5cd74481f5735d0e8f83b9ae8947f24fdd68600fca6a0d87f2dbc9546791bc949be46f2526f95bc9767ca392e4a6715338a99535ec11630df0dbc918300fe50468947c08f751a1b2155ab3b7150baf3404d32845df9bf65fd3dbf31cbfa7c3f3b974181c79ae8d471f94b4507e53568e08fca6a165c005338e61d4372099b51161d5398754e6176ace6a7135a10e0a0ef5fffc4002a100002010304010305010101010000000000011121314110516171813091a12040b1c1d1f0f1e150ffda0008010100013f21b0164710e21c4388718e21c43fe01ff00ff80710ff0080710e21c4388718e31c4388710e21c4388718e31c6388710e21c438c700e31c4388710e21c438c710e21c4388718e31c638c718e31c638c5a0f63e03ffaaa1f01ff00d550f80ffeaa87c07ff5543e03ed7b358828bd686dda7bb7f0a2bfcdb986f5d0769ec03ea8e4dbc39fe8b0c02f9fd09871731ec7f6ca1f13ece067c8e844821dbe855e3e3221ba5f249fa847f4713774887ff8144cc0aeac9f74122a1d85a3ab19a5d060b0ccc9f69287c4fb2ef74b8bd9abb2725dd0d90a406e895246ce8069550860fbcc4704ef0b81ff00644a741b3212e72dc26ad1d87e4fc094dad76510e8695f7fefd9287c4fb17c710bfc049ba4c2c8d194a362bac9f654eae2dafc0f846f830309b57148faba13652d98ec7d989262adcd50d3498fe10c036a3874b3571236f91d94fe38255a56db3b8a543eff001fb150f89f6185f0ac7620abe50e5590e43b69517ecb309a716622f6175123e127bfd3229d1f86258a19a08ab6a8cb19c50c94344b77b3ba183195818406dc3dafd8287c4f5e59740b6ee2a396db56a4b56c1534363190b92485dc90d3c71fc2e8a14fec583ca1ca12763aedb9d1235381209c128970e45b0a9003b38e0477f74a50b0a1c7aca1f13d6e1745bbc218754194475ab1b145e372c5239d21432c221c8e2b04f04c106eed0894421698e76648f0dcb5434fb973943d127128bcb57ca24c8c2e2e5c9546c29e48f2b34f047025db7eaa87c4f565252c646a2dc0b76267b0e5896263822e4b7828c9f23e20d2a5ff00a4bd8e151509fa36e8aedb9164ee8e52701ac12d3c1b12f215468a0f05331bd8ba64bdaf36795eaa87c4f55897c25d7dd12f85436494b63a2f27053a125c850a62ae496c084b3f72b0a51119225de095da093a7d6682cdf4215427893c8324dffe90bae88dcb1a21d8cdee2da4f02605e52d809f62a8f87ea287c4f5654cfc48ebd21cb94bcbf42e906f423e589719308c515c7c93889d06553e1d8b844f81b2791185993afd0949f206dcfe08db7ec685590deb38551e09d0c6270d09dc581aca2bfad8834d47a8287c4f518f57c8b5b6dcb43ad670612156c66474de3f44fa3170db343a362f7d9c02b8488dab1a1a6c35d858a7341abb0e8ba272fe06e889c105c8546d17a59e19113c3ea287c4f5202a1e4c7689743a1273569d0a59604e4a2e64d895dce2adda5fb14921595090a90606425c159f035a3331b74f8c8b535d868d3856c1088a46a2a40859d8c1ee54a98e49b759a8af1ea287c4f52ecbb9d07b4d913b0b47d1136560450b095921156457a0878d7a1a1ea153f9e475da9b177023c3a1436b72ca2c4a9258b1719c418952a2cf5143e27a8ffe2658ec0a6c2133b0940bfad8a8b8425e048496c20bbd208d88219b8d4e061cf506cb28f68cd8caec595b3374f23642b3f61fa8a1f13d490f83c31fc97d12129a24cdb7e8d82a4858913812b4490e2d02ef4982e3d206884f24023b40db4a987cd0b94f050b72a26dc8ac35632b9a18930e73caf5143e27a9db9f70c4525291b6ae4fedbc84309ee3f6116e56e48429d91d8d705156bc89f09859425dd12496fbca25e6b3c0aac656eec486624211c489b2528ff425a5a563fb108f6428314763023f235f2d7c8b44b0f8f5143e27a974052763252a36370fb1d4df2cb3296ff54524cdfc111295d2c5279e703194acbc1549a75eec2a92470c64552b71dee16eb90417b9308b21b0a1888525583855c695d931d654b15186dfb42e3257c2b0d8599168d21ff35e3d4fc13e27a9cb5f8cad2d97e8988ad245f64635077501537b90a8993c90e03764ec58d1fb9de3c17724edaa1eb2c2f92c0fe45282b7563dd9e3a62ffb85a5fbff004472f0e6718c1591e28fc039bdab8141ba7033976b0a70a897bb29b492178f53f04f89ea700fd458ca62702c1e0aa28c218b33d2435f52e8b262b2f155f82c14b95bdd0e944edfa066f3cc892ac5d4ff0004e4fc34a798a9fecef027b095ea06f706e87ec3dcbb6c951e62db32c92ec91ec5c84c979eff00503549e2c8e5bb95425e39aa9e4695646e2915293e0a9383ab5f0e048c4716b716a655ed8164a520ab3937217abf827c4f5366253d140e492510a831bd316052ef8b70443b726a4dc7ced92144e4e404fe0505de40a7cb3788a992b06e65c87c54f641d957f81d899bae4782b9245770ab973ef291193acf2243a7f9046fc0fd88670b09247e27ba8ee276dddf362520b680a9f72e7242916fadd318c8c624a9affb7abf827c4f5109645b5104a5490e8bf07816c55f5e4917c0762643512746ac238d6fc6c37b25ced743c3338f3460aa673615a2a4b4b3767c8f3cd565f811d82b351c147e8584a6445a68bf24acd41c3c95ba6acf28531dbd89155f0270b78d2fc5045f357c923734d33e889925a4dd74274dbb34e4e2a5fa9f887c4f53629b3e480daa1bd05044921a61213ba297510bfc8c9ab553830dde7b1242536b2448c02954bdfa255bdecd16a84dff00082faa77424a8ba1adbf249d9b1196d8a8a219b53a0bf2c460285e064e8ef6e47ceb116da4a178f53f10f8dea3c180e2c86a8391c29a0d612c1f2255c32911d8a81ca754f74f4205d7650bb12b057ea711bb91391bbd283558dc953b4da4a929a721259a216c2517120aa87f85bfe63e4491b3618936f04a768177eabf10f89eaa9222bffe27b0a1ee13ec6ec961ca1374c42a0362b08629b93617fd8732214a4785e61764c1b135dc4706d5c5b50462d1882892ae2b37dd745bb8d9a22cdf81e36fe0cf1f01ad226dd5679c0b356cbf6f9d4d029b9cd2b7acbe27aaf6ec0d2c76792a9e49b69194aa32bdef5ad00cd737eed3f9318a5b555085028f9111ca6148931dae866fec1417e2126caf07021a43687f891dd649472c4acb251eb2f89eb2c4ec98e4576274686132103d321124876479b04070d214ea3e40ab0f90c647a610a02759e89b2108641f0da86e45bd57e01f1bd67e30e83482e04ead16357b92c4902671156c8aadbd03b11d90f49d3fa4d949f22a581b224115cc6184d4989aa2ae2853bdeeedee42339bbb7abf807c6f5a6a65d3279e6514422af0d29d4eef4aec919b0207a296b4cab8d0ed51f0cbd7fc03e37d84659ae8d1b869b5381968234c1c967d946ac92c90b2ea26b248c89d941a65fb97463a0646e044736c5123c0f258298cb4fd86f8df616ce9e971414104cbcee5519957c87614a79122b1da645f880ff391914fcc42aa82c1b30252cb2c363baba2646b00ada45f61be37d86f445069b3b89c099221e244244356a471c4251113a8e11ce09de10921d0e830e43686ca5f622f8df63fe80620da1313e44c89222877523583b4499827921a88a346f9d12492d0ae12a3dcfb12f8df63c40878d3ce9644c4f45a1a1ae343b6a2c48c25cbfe9f64be37d8a1d39a2db2650c27664ee4e8a5c68a5fa3b7b8cac73d194f23455e6df63fedd9f1bec1b84d8dedc56e7815632687d0da106847b1d8845c4efa72b13dca1a14dc2dc6ca7f5fb1ff006ecf8df609db189372ac4db4299a1d052448d1d9939891d898f606e2a140d12163b488ca1fd9fe7ec7fdbb3e37accab24b2564ae452faf0884d27034bc88444a7b7f07deb7393e810d10209434d397a4a0bd4782a4b0d3f6152ade48f138f5ff00dbb3e3fa76f51609382c149b8e732745a1906e86a2f6294e5094482108f1fec8e2c5f827420977169c74be6246b1af41c9ac879e32d9185723115316d862f319918f2ec41287ea7fb767c0f42c889deed92ca0ba14e53ee4ff002cf81a95a54ae4aa8aa636c4dd0df2740fe1e82e06b22e01eaef71e210dd6a2ac3132e7168ba5b985b8b003fe82b3fc9bd853ec290a124ea98e8c05597545be2f9337e4124a5fc8aa5235e8ffb767c0fa1b494b7089c21f0aac476d6ec32a2e86d5d1f91bf2e56c264a6f9638555ec3589ae64edd49ab92494c7521fd2ba0fba8d682625b0d1e06a3a961a9d741182b8b524a7e28e09155b7163ad13a6062b61a182ae960c3d6099b9fd8668814c327b519f1b3a129fd5fedd9f1f499291f9c58fe5de0e47e4e529b12ae3de1be48b494396bbb2339295a18ba3b1509d14a1a6de274104c929b688dccdc31d30b42e1555df6394b83750c4ae537a9ee2c8da8251dc943b09c95070a345b5d329d8bbbeb3b0e2816cea8a64b7c84ff98972ce354f87f22b28885d21d9a6e465d44b249d3e85d94a23dcd79293bd08db4692f3d8ae90f392a5362c1ec2d85dfd0c652219947031d13c69fdd247b7b635062a14a11a4595572356a852eefc0f20d4f0c854b1f92d9adcb9fe9d8c14ee10f812f0c6d7a0ab8d1b90b31c8daa6c99fa28ef58178c09b44a783937f2f910553f43151dd996ce593c48accd887304567583682cb61842df8205a79d26f515da205525a27d01bbd47ab3c9f3f46e24583bc642c62d485d98cead1d8793dc9c5140d5a86ea06d22af6d5f809e523d065b07e50904896021139950eb809981ee8e6fc9e49e4c13a5744bd88440aecb183143c95aeadacc10dc560ee82c7ec8d373344889448f276c9e2a73974adb76287355a43d6d7f916798b3e44122390941264aad08f0679829eec4bc1e608bb48df3c9151cbb221bfa84f0b6cbb96f25756bdc632892c9d47faa29ca8ed892d3532b42a22652598c06e1be9d50d8ab0b2c456506eb4e3551b094125de0b0e843ea33c50cff00b0784eefe0166223f9582c3e6a89f13239097bb3907214bf1822bf4646bf2ea42595e080152c92f02a4a8ed0cc1ac9750d0dc00df7869295f691e876e485b8ef6e0ba4d5687b8a694194250ba1e5d10ea5e7c353661411683c84336b0827ebb54bec0ed894664a0727d89608e3428b03aa936ed05eae1588d72f7591f578ca3b1dd29277148f2fd7c68f02d1fa0ca18eb3360b5066d6193970a18bfbc3e52bab1cbcb20e02a890cf730ec446515f0cedc9b2b698bf7ce9e358e348e06a5aaeec217b1501a5c493c220c3de72defae7d67f4f8d11b6aee3d125189f820f1f43b320c273227a4d724c7263625d9d29be928a6fa492577220ad3ea78fa6ba783c7a2fe868463e8c3e865ddf1f4483c14d885b90c820f047d875e8edf4b17d7e74c3e89f8460b3f4c102fa115fb05eabfa2bf53c3b8262b852d5c45732cae2515b373fec9407bc0e06395813f5a49fab0262fb2914bb21c5a3b41ca9a3b54ac98b1482c9b369c24d53b2271a5f8746434094aa0d929dd1857438a28b3684bf1251fb1efcea34a5414cfb13b65622a2b3afc44755466a91f89abb32083da5ff00254c4931c85ee91507fc8132e7e610d7307ee3a12b12dbaf2c912913b09ed5d958b16fa15909c4db853b7b89b54d5caa8582559a0b7af1520d5c29564caa3e3f21ca9df525d04f285a6fa2dc7b0eb4fb8635e3e065b827a1d3a9f4c27a9485362506bfc217cbc851a464e2942c89abc16572d82b55213ad8aed2729bddd52633097b924a87249bbdda7f24347378b10a36917a24c8c8464b70dc9b64b670e8f025c40dc939589dc924baa24bf656492bdc874abb1d22824b79b49e5bc05049a6d36f722999be2826ba7f513e95aff091c6a18839166aeb2bf835a4e745dca1935d29a8da41561a15ab74f006e126d70c17d3f036c565ee09a70a28a4a6ec68564f6ac89250ea6c2a0d0a72d22866f9dc3693f948dd3d38ce476190a5d9bb25895c2459b8372a4b55e82155481ae0c665537418a50fba93fcb0ac96e8b151709c209521a4f9ab152b6b3095592935666420852c75910c75cf1712ad489794c89e47614652639dbf22a846224ab1568b3e361afd0b2aabc451c21d1a0f2dcee602695489fd98137d1d7dc6b0f744552dbcb18b450d2741ba52b5db2556444e251f642f3db3794c6e52f579634b4d0b76452aebe4429fd814cc9ba930a4d3694ae5d468c96bb7c86b237db92bba48d885d137d68cd8f610b81d9c15322a0abd9ecb97fc1b8a52edf251df4b11fb1a97ea1d0994a55380ecbf621f91c1558996d2ca312569c1502a4c7b075de2c21d0a3f21b74b1f1f81a6bafc8d73ee26bc8840e0b24b8f612a2831be0b1b0931e45318724d0f27814fd2dd11e459a0f737fa69bfd2f1a66c2e8786e442e8a55e8f23628b899d58e1b7b9bc511c1fb25ee574e20a7c15a7d1b12793910a17d2ed625b32746f618e06d6e49bd4b15dc7d3d3c693e05d14d69f1a535e0f023cebb162722b95ae8f49b9b574f2f463287f35f1a229ad2071591b7352e1159cd39be5d4e3a196bb5fe937b1138331ad2c4885454d7b192ea79c9bb274725a28331a792ed2a45e48b68e4d853aed6d27e08dfe9ceae092eb986331b779111455a55baa89edc1b4a294b6161a0345a50bd8f23b93d9fc37a8ee266e50c1fd372fa534c1d88c69ee727c064034fe69865dd345de95286d43c14db4f060d8fee9e4fc8b4499c8b8136ba522c197a26781204f9d3278b1e354fb2f3a52982dbe8f92917323d67645fe478cd1415f47619d1f3a2e4631f7a6df44fb86fb67821f0399a1050fcc8e18e461e90a97d372190f8117772b82b942b1beb14b694168ec793992e551d32d28db3fc74ac0ad41148146147d0a27e8dfe8a45c9d864f8d1df7140ce04d5c27cd411b8d192a3eb1aad6ec1b57e8678d6daf83c0ae52577011256220577536d3c8f3a78d13e34a6e49936d7c93c0d9128a95d8c4499689cf48edb450d511e36de74962a6eaa8a1fec10b1265152216d3b2086e90b2a49c438c73266c4083b4ba18aaf6c732fc822ea3d86d55c7b1ea595ba3c9334e2c49c0c7915b4f0356daa1469b11c1dc22760a96091d14be915d6bc1beaed8bf7048bf4142caba46eb06882106d0f9152890a28a0a534814e1b1b15c99ba6ed22e9fc19c74d0dbeb480939f60ac3f21642b245a6a91214c59278390720e4247f8845d80ba786834e9d610866c83a6c658dc63be896b41f0871e24da86955c57fda41798584f2c4bfe02b0f6087c4113e4310d87ad741f9e6343274ba49d0f443d0ae549aaae8beab0440d44dc5a0ffc4002a10010002020201040300020301010100000100112131415161718191b130a1f140f010c1d15020e1ffda0008010100013f10fd2da7f1e7f1e7f1e7f1e7f2e7f1e7f1e7f193f8c9fc64fe3cfe327f1e7f1e7f1e7f1e7f2e7f2e7f1e7f1e7f1e7f1e7f1e7f1e7f2e7f2e7f2e7f1e7f1e7f1e7f1e7f2e7f1e7f2e7f1e7f1e7f1e7f1e7f1e7f2e7f1e7f1e7f1e7f1e7f2e7f2e7f2e7f2e7f2e7f2e7f2e7f2e7a53e1dcff0059d7ff00542df4fb9feb3aff00ea85be9f73fd675ffd50b7d3ee7facebff00aa16fa7dcff59d7f8bd2be4ede018cadc504c18d471f2a7c4944b1d01fdb66c787c835fb698f96ec40c0f6250a051b40f70b190ef218d69cac4887eda649b3a687fc60b7d3ee7e9ffc3bbadd395d0473aa9cf1e35049a3c10805bc2a32adfa2c87dce6923ee46e8125668dfb439b2b16a24ac7986d88111b010cd50c17b19c0b1ee4b3d0a9167cc50d3299451ec61bd9a2b6761514f04411ff000c2df4fb9fa7ff0009f69f8cd3e6328e5af8236805765a9136854db4816796154d4725b0da20e888c41752bd98f0a3caa1055938d8060eb5f409733bc572a9f448168b7a5925f468c10b3c404e87d348f2cc46d8ba3b202d0d19dae138d8dbc849c00487c9c0ff00082df4fb9fa7ff000565aed73e5e5f9a36bb415ee0d001c040d4de52ee010baba19455a67281222956e15d09d24451223cb0968704749e4710d6db2aef1b3b463c619d09284aafa27b3037226902930d70f0da0816e85003645decd5a888548005a4a2e1c6ab963d9e5e22d97a1b85c2281c51bb1e7fe0c2df4fb9fa7ff02d980a7eac02843150bb020e828667b25caaf12e94a4e9220ac64807452a7d984a82e50600a380e98580c06c25801e0991ea107c93ade998e41e06a98291b378292110281b34912d27510aac3ec3076e2d10801c874fa62ed91564195b5e8e15e1f27f8016fa7dcfd3fe73e4ad5cf3569d54ab55e58e01539381620384e3150984c4b20bf7054521df044b22d8a9f36c4590462d804824721c3554c42c0b16076ca668354858fbc5a2f25a3921b571c8f20e8f2411d413b56a0ed2aa32ab453b67d3925cb4f34c4f489c1e5236aba73e8c69bd6b6fb23a08d71f45a0b5d85aadfcc16fa7dcfd3fe6aef4555abf10646dbfd1e811a82d55ac4e5b0e0d46b062d3cab140b482a0a2105592660a9c9703296c79a23050a9c11b9682cc871ea458702446467c92b768b1d08751bcd87252d0ff00a6018423398498889a625967c65a622d3871171d28e0d32d70103bd910e185f85e48160dcb40f043d0fcb64b80ddc48769addedb052445ac6c7f285be9f73f4ff9541000557004b47c99c1e1732eaaa94a380ffd96c8dbca0c681b65d7af708234c56b00390ba82570db74ba626d9de08b72ca2d60a156cb77e80f33349740e70617362bcaabe60db73788c834db7cd9e612178fe91b84c1fa620502c2098489a54b14b5f114576a8614ea36e1a0c2e93a6553e1a7d47862205972674918c0882e63727898bda38b74df942df4fb9fa7fcafec125f0a857614601155ca27d08c3c3cc9687d599b4afa09741b0ecab8cd66942acf8234dcde94c1f761d648b118216f71490487b842b8241b680818fb43965e8255974109b4a3473522d940143b58834c2ddf2114342bbf0227c3474a3703816405639af2b0751051a61e173305822ca8088ee0109ab81e4761fa5720dfc816fa7dcfd3fe52c0a5784dd85591e870ac07a5b2c5f84282d15a4628888a5064f715802162f96c66f37d018b58011b8006442f06fc865950dc2620ac254b5dcbda3cd4ddcc7b430a0ca2369654c23650118507c3174f44cf3e42511d13646f4211f858b49845ee06a56c130d4d8868299ab6969801b076c4219e63b081622b32f49bd7d536adc20c539e40fc816fa7dcfd3fe40cc349a1717082a5e54b6d63b8b2363291b0960ece584489c3f290b28bc949c32842c4f5443dd5000d95e589575d883ed033421ab452a7040d21c70c605422cab61a810456f28b6efe1ca47b7b76ce48df59201b03702ba7262a5f0cbc0a561ae91454ba7d18aa3a5047211e4714d94445455a48a0d78204b5c069e186f202ead09735b8b55cc7f202df4fb9fa7fc89723d12b691a140042d9742af8212da80702f2c5007a6f958280201390184576032f2ac692cd708fed48fe0082aaa11ab3ce4280486d403d0965456fc144b0d1db6c002c78c6562243c408d07c3b62894422503bcc09d11b3ff26f2d6c18278979dad076318dd5197d91d9c0788cdd47c02952fb4a349e46244280c3b0955bba3e1212a372d428070c4b1e19c81847f205be9f73f4ff00908df96744211518e0e689a0f0d40020ec562162788b29458f01585d05ea5268c315024614d6f3dac76b4c20308ab23b3abb956c86a2a053e92c74bcc6e97c2109f5570616b02cb8c1b6ce3863d201f2205a991b02895e6208550e82c438956c335a9aa482e8102f54c568b36639f832b3142e3a614a8a104ec9519087e40b7d3ee7e9ff0021e051df79b8abb0308c4169ee7443658e48c2613a8b982d10ea59b4d2f2c20b0526d2f0cada2df290f4972a22dd2040197e1cc0a01b065533025980bdc2cddf31b9d0c4b43e90d2147351834988ca30b7e8f611a9ce11f2b0eae9cc28466d1f782891d4506bc2a147920025eab46a71f5cb8fc816fa7dcfd3fe4baf6387cbc0f390b9e1602170031a05b8fbb0a85b44bd247797e7d594b0aa019baf831116d91618fc1a8105e072ca6e904a51f68d0a739602fee02d3e6392da22dca7b10ef36d1e518da40d1d810d5b0e83074adab1e560d00b3153b8a54015a406d1a8c57ab18cce20abf46141abc7fd4a0e844003e47f205be9f73f4ff901e7f8fa335340b96a09b043c392162114b54ca330994a12cecf68078b4ab2bd45c5cd061503611be01639c670d7030668cfa814a3825b2d17010a23e86422d8f1a6ca650a19a82415890a13df17105d803c3da3a1041c940258e696d5082841629445d8f078834438162fb5ce394fabcc1ef63a8b41e2042c506ec465c633b879b3c04053778b12e53751f75457e984bbd0fc816fa7dcfd3fe40844864093b14788f12a0ec8d53b6f975044e12f9c8c16cebd8f2a73ce2ab408b6b11c868418c15754afd199e634004082736ecdc12445596c8325e429c5710d652c05b9b184da1bf35a60d2a3bd933dad2d78c94544a4233ab29b4265806e010bb841c4d9f560b4046a53258a12042aba0e6c21ab50bf405c0cbc9ebb5d2c1d2c2b56ce4800534c2699a8227462a678e06faa66a5572f270fc83e2fb4fd3fe47c7618bdde00ada57ed1a370e15a465246d17ad767e98d0501679371b0d51e4c0c4011bb68b7ff002022561c8202c0d57e28ba2478a7070aa8cf634bb707de3962c7c891a2251b665163b29b43141b725dd1db1b32a09a1ca9194b0aab9e06359a267d22b23460a7c444fee0f6ebddc7c42823e017ee3a5f66584be3d57e22d3e9e5127bcc6562650e12168d88a1b730ee883574c37cbbf218c272943a057e41f17da7e9ff00266d05757cc5d44090208b092cab52384a8a134e11af5667bdb0003dc7f77836e077d0fa7ed8446d02cf13caab1e8a54ff00f8c23c8a5ed06352d008afd32b8a2835178498ac90e56584f7a5b87e0809c621d074153d95b8f819ace091725742163826c93c2f88040352f6d9bbc02011096d982c4f595ef43410e6c21b1c35580bc823dbe9b445f4bd4c9000b644f88dad906dc3cadb075adae3044c913c50602a961259e95355140c59c8819fca3e2fb4fd3fe4b2105ec8665a98445634a23b2528f2f0c75df138aa6bca4bd5ad5b494854d1de86b6bab86c436ee5dd1b5750c3fdc4f205e4846c02a168964bcc7b1870420d114fb2816a1ca438a934a655d31d6943e7d563d922aa96516540bd39620797c5d59f618573a032c2b0ce8308e43d12e81901e76da616a8ab256b7860e4386505baa850e2f14c2666e0c47d987ff48230d375495b4306bf252b8ce90b4196831ee802791f943e2fb4fd3fe4b53a47bee614e122b94602bc137b695c0b8dcb8c253ce164a81cb390431d14b48f48e14909958e08aa2985ba90237728a3fa69db02aac4b1ba12d3c6771ddca8b11ec70c21c14b7c2e2079d142c5f04bc3c55802161e28787e9219885536008c289458846561804e8fcc39c3802693923096765d060a0d68d0c041881196e17ba510de1a5f3f1850451e5586157568480f09845b502ee2bdb5bd53f27fa1e67e9ff25d975deb10bc683d465e736d2f4c15d44a1c2d5c747097d600a0ef51a807583832a2a45b8f4500d41dcea882823c85451cb1c9ab6578065611c5aeb871109421e0f133b372ee76277c88b76c81f2737bcb98781e638b0be43645c04e30a91c5e634b0ca015d0040aa489471449c5d90a05185c01a877aadbf0c75ab2a18afc0da9a16d6131470f1f91fe8799fa1fc8029941e9e18c12258f090eb2911ef88ef56029d58468f5103bc77ecb2864004d80b13d6127115c619502119a862ac30b529e6282dc377b0ba58da0187ab05aac0a52a5698db0eab4066f0434f2968d24712ca8b020b57090d772d8055d4bb586914a86c9d28dc21456ee16b4abf50fe0b6c944ff002a6ff43ccfd3fe5c78c9ebd64ca9b56a62ab8b01ee56311bb769108d77e791000c29e8fa2e120a4e6f3dc2ad1b1d11978b59eb0fced8dc3d1b5a12bcc23595e237c00e821f3056c528ec4a662214b6acc2d4af68a4ab6fbf45824b95a4710f44e59f879ac9c286af961f1f66a37811507c8945555da39572c221dc2b40b404943aca3999894afbdf97eafd93f4ff009742ad6e9e18d4f2c3c522259231088e418055b2b104291c8916426f4bf06221a2e849339f73019eb7641942fb142061c22485e1b97180f9848ae86c9716333e362a9c0c3e25b0555c4a95fea5062a9501d6513e950e4a3a38200701e840b58c142a542b880520a73ae483de18f40afcbf57ec9fa7fcd444843e3975d5ee5d5f54ca501068178f961f640954de26630376c2a977e7330301510d90f0056aed12ea82ec6c620546087570280152eedbb443e21ab85642251c79762cc6061832b19e61b8c435b3a8d03a4063e901cb22426ca2a5e4fca4bbcfd89fa1fcab432d6728174132e8b79408e9b21677764a6de2602c5a62a27289833cc133c66182a35918ada73caa432c39b187d48e747de2185c5daab022a076a1c0503051100c656cb00a0b71cb861b921aa974c728c02a98525d304d3cb023d15e0614ad158d5bafca4bbcfd89fa1fccf9d776e85e4a95a7c01bf2c1db45f841a31c92c92ee0d15788a78f685da1330215798d72f28a3371b8380c9922142c240d60e3b8da4013ada100b9125eadc5a17f07241bd617ea118abb767231976c552ed8a996242de582a866c5fce4bbcfd89fa1ff00000800abef01aa2895a275055e860e1679619b5185d84d34163c9eee0fb8c71960dfdd31ab5a9c91161f1420d6af601840c7e14975640b40b1b4687653e86d8b05d4442818c7689013e4cc511b6aa244bcca38da7f9fe9fd93f43fe00889e5e2962bcc10531811ee236ec962c39e49536238987e382a3e227495ad0d08df46d501835ee8411ad8fb08043d1ea342c9c9feb7154136001109400600948a7118020eb5961823e44132dd972fe480801d7c29f9fe9fd93f43fe01636d65e48565391d24d1e09be0877b0c6aa08b640568868b32444240996c2289e900e73a6ee2e0beb418e4e3569098da3ba64a2d6ac6241043788cd0539ea226f65c07c4b9eaecf2ff0081faa7d93f43fe08986d5f12414c13b8f4a312eda32a42092b160b798797dc08e16f51cf441f724c25a872093a95f1f6a6251799419781c44537b8e77e224d12835a40f2b016c57797fc0fd53ec9fa1ff04c932e9c8c2a83705d820a60f1c6061886f2c35bbd1029c9a82a92ae695804f68220c11047b30825608ce918c10832931dc49588ddcb7de93bff0007faa7d93f43fe095aa7c29d8d70a41ddd0aca80960728e0c9d831eef38a8e25f726456848178d428d290360c12d81cc7cc1f2c02e658b54de7960816e8ec84de7b84e5744aa8abd4aff0083f5fe93f43fe0020e015976de11781c44895b4bf241007c31e056a106c836caa62b15c40d0db9837636c582b004d2079c57d080e471f2b0b74ce238e09421629505350893008b6b966f00ff0007ebfd27e87fc0643ff7d288eb13a8982567b48fa92c04539138657381214bee5568ea377431d6b1e585c8d885b0cf2d254b54cab4088415b61034646610915962a5108033a2d56196f23076307f81f5fe93f43f98f135a9a08358a609da800b2022398ab09d6c17ad183d084a0be5e67982d6ddf403efa84d5c054ac2c0d67b88cb4e23bc44626c48938604751205840a820e73175dd1731142114c43e5d72611e59d609167a80268304b5f2eff003fd7fa4fd4fe311f77421a8dd516c73f7c042bda5b88e60711dc9c10544f006db23508aea5b51c835ee2463b0bbd98a8f0b64e3237c43d526d172f485c41f8423eaa177712545b0312b8487ba40731ba22f68be1cdcaeb1e08ced05ac4a59193004b82d8c3922777960979b97a3a48304874be49714c3d12b80ec7f27d7fa4fd7fff00b502d65e96ba32c6510561025683e9042c386d41548c2a081e88e0a54db0eda81174e89432d2348e2e5829e2cf24215412af0401cccac058e4553d60a021b5692fcc822878474c290115a97cebe3203c31aafd58aec5eca45945b16bcfc3982f64b37f0257494595b9388f5a1b836619572af6954cd8ec77c4a5a087183e898c76432c98f0c503d0b9583925037980341d94a3e20512580e495d6f374f920272c888dfe1faff0049faff00ff000b87c8ad44acf87b2186a144e4581f5616657154e05449cb14d0468ab317e736d144540fd228d14b0108f4801194076326ac80b2dce415839078f4048008f39f2a448bc519cb2421b2826eac65855487a9dc2719d43404fde4818b7b31c46abd31db3e4ba8f076e277afdd605b6ed3b281816ebd02e5698ab3988e2dabec45f420d8b819748a9416952084a1e1a9616c2b531445b505af60454f0232fbad9eda8a785a346fc31d0a800043c30d95a341a060d24a03149dcdbf9607de4323d34290003bacf7800444791bff00f5f5fe93f53ff094d8605cb0aa0d8f2e545412d7157c8586a5b68d98b8a8070e739595da39ea28ae4e23b4b0b5a2f9232a9ba0e1638681b0850cf7c5a8585d17962bb807ba1320a0e021103ed0d6b117c7b104a20e9e11e196a98130979185563ccd2170ba0543154f4a3551150ac686a49bb800010516b83aa18b54ee28d376a2d329a21ca995cc3884dd2a092d79770455b58a43231086b010356e6eb6b8acab9105051bf685086cc9c11743ee429074329107646b5d493a63b073bd483acb9990a4ae4c77c21ff901bfd61339932b313070b89ef5da96300b83b8c8ac26bb6365d22f36723140565e4b49792dcc5075d92d033cc0080ece22118eb182a9d916b2a2d369281632b8ab6a255aeac8d629194fa1198b8143348750080c06ca3240635804ce52185a9edf551dda6b10387d0c10dfe8897cc45b23435c7ba46e9638ad5f034ac55a407672044bad16fe48144c82cb5a205833863919504f95648b681004bd361b60349c555044050a64325d11dc7608538525051f821414efb1b58d143115a826eaf7dc00443983b219aca04d6fe5823434ada9120b0de42fe8948be42a43065ca11faa7d25b7f400a004352f9450504196577670c0b06fe729152dc0b069a6f5c392e2d25a854cddbcb11aa1cdacc36a3a86c34c36c579161c2eb621e12186e43d292d54ef66aee146821ad104151cf3addc40d8057849503caca22047c2d1c6477e20d6b24ba38216a141b1136312a2e7cd90551c3dc825d2c54298d01e908b77eac6805e307001cb0137a72f9e08b40a65e8b0d0061b8d204ca5112ed29ec20db568f11016c7e709006cc5af2710a2585676c0148b5572c2a474dd60b65210824b374c223c01e45842807a55c0c52e92d1ac315ba743ac32d4c2f12a529dd3300b85b4a594c008e0352ab64405a8a7248aa9e3016d3cfb11380ec895a337126448052be0c407034ea50942b11505b5e60837952225979d427b03512d3330658e4711eeec06be18c0cab1408bcc4aa32d529ec4082a5385262053861ebcb6a0b48a5694312ea8e1c904681b7ca42b1b51287d25c6fb26abe222871f2412d56d2f2bf041a360a097e187e1b6dc158df6cacacda8d0b10b0d078360b1015e295c844a5dbccb33367c03159d5e88825b55e1c890c2818052af3eab2eefe4ca328c4645684c21111a5ce496a1f92d906dab470b133a00c57918d0a08382206c3c2840eaacf145ac5b86a158fab1e65751fa263ce8336a8208219e3240db386580d00bcb4d91a8efc0b1b51ad570952b28aaf42ca05aaab1091181b6e18165b7a1022ea838382234351146002f18b40dabd7b2c2fccf287d2366e700a570a0ea62d23cd97908b64b5c8426c4b76d25440a44822d0ecb6ed216201e94425743765b63d7b172955ff918fdcc0d81656b1184391d48e2391c50d70bda8e95a45164f563a95fc219e5be61cc151028f761efd990b21b64b0daa632600a4cbff64444b11b50722b1a4a79770abae8db15c1ce8f2462ee9c84730d5142998d874803011135b6a90bed33c2f85fe99a676f9a60792fa12151a23c02c8f8f8b688d0ad396c5295982928979578df7f1300c7ec8574bf7a660d8f2994d797354588d80e6cbf70afb0e092f5576f90b0897d3811b00bc0245ad78d824754f5b40edafeae2420e769256141db21e5064525280b40501800e82152c52594461e00b1835755630ae201bf05792008265c090328dcfa040d1d6d01163940a6003f98379432440676d88b61e83a100a18a4148f0c0743d85095fa552dfa041967d55488e3b082b261b838940a01ed2f282872db33828c7462386220ea4f0597bcab9817aff0c588a2c1e3d482855ce20518adfaac4b67d6890654897c31253d442a179203b255e179957287fe03d2512825d2cca30c58f54542953e35016e61b2a264c713d9f9866a91b23773da56182ee230ad30f9308afb23e44694810ef890490b567fa3c117122668abdd8c296f0b12d917aaa46b51d42d6ce61c630054caa6eb7e2adb0ba12a1b307e9a3140d0ca310855bdc41c042b543513055ccf63c47d890c44aba16f99aa9e0c087cbb64d97c47b1416a2919546889cd400d388929ec811a217bb9b7712fb86a010173510c6e0bdcb2e84f8b25a9ea0ac07a223437113a42a0350efde59e6c895078672373d0830590168a83425ddc6ab8ad297ab22d9568dba25e058086a106791890ba704a00f2fc611113dc36fbaee1d92054a383a08282b6c04008f6969707bb6a6431746e35ea2ee531a8a8b60d1b6c02ed8901399cea3b5c4a1e22c4b207acd4b2ac522001d208c5f13c5ffc696b1d67b9455ffc09b0ea535920176111ee072bccc402c8d799b416a0d31182fcc4914caebc403b7232d9d442be946855d810a1709ee305952ac94539e225dab175631506d1e48a9cee6c98b119b2f10cea12b4202167de526023888ccd55c3ed9e2a69b95e1986db9419a98ad4e03c46970412280a317186662820b6c1b1a6554c234b1c66a6d485b6c1e90838d42fa8dd56606eea2e0a587a4b5b698e7171babae60fa115c84c62a28a6ce23fbd1b306d108e4e72f735a9cde254a6ae2703157117502341068a6e604635616c00240c1a8a8b070e8976e482bc454c4cf0ccd2cf98fac389e1a88f5cc32b88de29838c9996a2e5670c2817c4c692141aee0f3511c370c90b8e86e1b0b94a4ec80825e78207444712f4183a8ae6aa02b0299950951034ebcac48380b2aa53987ed684fef0c3dd62c44ec4bb1856caa945ca788999281b3f22a0a398a1c9f530e425584bb80dc3145ca4ce37290a0239267880704b426364436dca764b319963858d38f31d97e79960b75176c5046bc3c4381a83873136c2ae05983fe10533002ad8a79cb2ea63be7fe38965d5c42b1e60dd5dea0dc688816b30382400be821873b215158f5099567d9595f9360239be52f8160e00ba2e1888b954c12df36a4215a5b281395e61d8bea06c25aa05e25380629b2272b1675c0aaaab395ea3d1ea45c8ec9157d000137baf98f6ea50292fb1a9642dac02036a5507fd9a2dc5558791f483209ca4fb2a0c95c856e598ec6f04a749c5e670e40a2c4290b93ab884d45468e20ddb72cec27d270e5858e22069c1ebb610af095106f6731601a140c0e3088a625ea0838a21482af51766d72a9e183a461544103a536ec28f10c160a5a6161a02995a463b4a8fa04bc85e483774f1c1751155ea8a080168a4585dae761420b0c3cb8211a6d2920e7ad0dc585d8950a24b87006aa2a9c302052c1b70178a8acef035f343142835a8fa42d7255b220810282da2101a3752f0d8a5153f172877200ef31000072087b324a39bbce63e632d3c0100103fb5a117ca3dc59bc54bb7a6d5718661023478e5506e8ebca8a4386078344ad4c0b92cb82a528a4878a22566a1168e816c7539190075630c29aa15af92c093326b3521fa213b043934dd0b2be2204417bcd882362ab8fdd923b41b61b4f1a0457836110f17db108356311e16d9ed2b0a600051e6b98e6f8a0ac27e58da95ee8ae584d4eb913dc83641e9682fcb98b7410a129b78868552285bc9d31ada4177dbca6d6566905b4c86e9b48348b0e39b14bccb14c5a1597cb71a2e129081e7cc1fa450a851826368b2553e2e518991080418bf60531213c7338a11d0f03821c048d0a57cc082f6c90f2107ad3770800f5e582aa06b3013eee761729a8b8879cead4884373b553a7d61833f4582fe98abaf982947a82b9a40f9798990d41b29f930d349e50078f098721b082fd65b82d44509540ea75a3948208f486b3c470936b695764518e594a15e1748a9472f6364cdab88949ea9513b30a55ae3ab40311044450b6b05aa476be165aa368841b1b454bb01134d1a40a4cf749fe8e62f428e09653ba58d2d4b29880e0b09572410d10a0d29c88d9eb0f197602ff3030202d5eafb4c6058700c542eb7608158b95ea2ae821fa94b85b0ef5e6a345a614501610e50053d01140ac22b8a62b60818e858f89f50462cd83d0224ab07a01185c51633224c66c36ab08b881a2b2c55e0f084a0d55a16dc0771170428aaf782351e54071495e942da8332068d9525f2a98e8ac410e5a942c1dac361e202ad85ded62571ca2cb905889e482def2863d1a11427a4519e80302640156874af2ca1600e15497d425acd19189743f80510a1106f4332b006b40115d5d67c4403b7c129a1621b8258b398422846d5d950b16c8dd798d515cb017346363628834bed1004f20d97029408b8cd198d280835b78945836c1ce2cb5827997db1170dd61d4cde2a5b8569ea5a5d53a11e062e287035e585d1396a28a83ec92b2ee825eb5151132678960552f4a9ed16ecedd9b96b695471d6512b6738f71870acb40bb7995312165f1c76f211590689caf2b0dc987380b62b117a62e29c648e7dc6582d751a61e928b580da3569c310c183865dd00e5974da314700c23116d13df440d0172f1862d15e2812223a96e44ab8b68b741166388fa24b51151c2c7840402400b5b19d5810463262a2b61b5db5706e1e0c245a576972edb35552eaa8185f400eed58b80e485cb40346a25c06a526aa58693e201421dcc8a0d882963503641cf30544682fab236515ef0b6e91551a4da950a520895616e68a7e62f230bd3e1e63c7e540001d4cdb1f0e02025bbf24c0a3d5831ecf4774b06846506c5b72c0bb0dd10d89e626c156037c3e7501820e9ac411acee0529ab2167154fb8336606c20d1656664dfb16c2c2e5f2c72ab5ece09784b0a61ba8e03a6562675817230d5ede386aaa05651837ff00918c6e9a012dd040c08d2ba0147842c5d0c6c444743c435b1be4b62902b5441d8083c14a4aa56a8e0563434b51439736b5691565f24abb529ee5ecb006e29bc0a0533ba0730ca3d232db33870441abc4ab43634203780bf311a4e661bc532828be20353c8e634c52c6d28f3ecc5d1811ea0b62b65d3f0c105b61a006cef411954bca5b6518519a610a5d182b962aab2ecd04bb2800db0b70bccac211b569a19885515b4bed82ac1b440ca183ac0ac69d9a825d02abad504682ec79c106e8c2ead6273460ac3024010b30400a1417c9a099d4111505350b70c02b6842184d82b17a0f88c49ad20df200c6ada5a0902e0a07bab2f74c5095ccbc4aa2b66f9e58daaf242068c84421539c4b4cd62a081cbaac5c4a5a4b0463346eaa0014b4f0ab229597b3624010feb6b111c2737070ff00a828ae3ab80db341c3b60a8e5bc400d3e58a0aa2f155a8d0888598bc3c11d3b48142c466d7c21010b5e594b48a14b5855e70cb0638082d14c1cb16c298286ad4dae826cd897110032b4bf821910e5187b772eb7e04a154a71046fc20d054069dc55696ea5aaad0984b46e88ad656f9252aabb414d3cfc311c56ceddb065007cd5cbae08a4bda8e214d4e42d3cb311b4b4c2bed2934bb1500968a281dd646134afb9111078c456ac6ab30716930b69f02d32ca808e4d648d39b0c09ca2d1e0a49c50efcca11eae28354013c114416da80d581cca486a8704b00b61c0ffec6912ca52142c986e23295534410406286d83631012ef5cba196562b99c8c2cb56234899d6a997de14d853e1552582eb2beecdca1825899f6e2c8900a1a881bac5d3040ceca38dcb1cdeda819e42bdc6581b20d717645b6d5196b6d345cecdb36511a68b7d9a508e68bff830029ddb1405b97a402b98642ce4a10e9a4311cb5d3d52205a0e455c133cad501029e5630650aa9841c4b021a059156167c6e2aa14989418597b94085e2021648b5575c305c96940cf0995db1153f774101a2bda016e945acd8844586f8e2c255ba6a88080b4960c03874fb902dacabf291336605444801c8ee26b3c91d58abaa21400f10714b065968d52201046de4889686250d1c12adfda59d84b3d1052ca3b6cb22e40e7a8cb70b2f8a250ca894dc4254e757a58035d2cb6412cafd40529216987e79893b1216895c5a902da0eab1572ef5667497413855ac98cb11056061e58985b37c992000d82b8635ac8a2255b39ef704d23e1045de37936c287715156db2be0800f39837e30937a58a3b378e2255183274115a7091c956e3e5b10215878628b6ca08b00a0139e6888a51e2701005d392b8b8d80859e915014f2a305d581ebb181583aac04bc405a6b0afc9068c6980a4a2225ea20194de7965b6aabb88a277ef72882bb2a33252c302e50dde23a585510f12d2869525aa272cc3560f7483e608d5260a19a2dd42b1073eab15691809b7e06a163df82985db7aee05211c1b8835ebde5658da71002b61220a6fcc046cf9650839252280c12f3112f92bbf496684725c4185e45b8ab5828bb14834101e19177660d4bb6a16de17c42d68bda133e498e44a82f0edc108d71c40b04be6208ad8b4644203840378e908bbb2b7652658817b96a2172cb669cb146d6988a42e2af99503306c608561f6015850908e9c10268f304cb1a7370281ee668e716b940458aa34331a94b3d622ad8cac3590dd3de5f8360e4828d00b8b0d1a560a39295ee0d94a4bef5538a8d4bbc0d37f2c300e70f7860ca5d9dcd8362c2853388632e4629e43eb281b583b10656d29d0a36cca51b7b0b96b6c5948c1a9a946640a50536246f23c399302b3d2b09efc193438cec20290541f6cb014b3f31ee82c20a1e218b12a8225e894112a31982e9dcd8314138348ba46dd462d678ce46fc9b6481da5fa4189b4f315699cb68c56c0df23012a18e04470f6c1046377002008fc42152f1db810403d10903e2979b26bcf67041f0a7b831477ef35929df521194dedd97fc09a1c782d96892b02e09a0f821801e256de662fac199e8cc8a770465f995732ec615624af07ff6061795d0110a867a251c6bee3162fa8c4a8de90e957dac583d302296e0dce58167ac5c2a399b3394ae20a85870b23bbf3569a6ec26e2c9e58302751d21bb8ac1e1625b95b31cc2b2d44bcf31bdb0724fdb321e200f13ff0062467cce2652d2927fe4573152bd674ca2ec8ff772d6d95843725033ffd9, '220600', 0, 'inactive', '2026-04-23 21:57:41');

--
-- Indexes for dumped tables
--

--
-- Indexes for table `attendance`
--
ALTER TABLE `attendance`
  ADD PRIMARY KEY (`id`),
  ADD KEY `student_id` (`student_id`),
  ADD KEY `attendance_ibfk_1` (`subject_id`);

--
-- Indexes for table `departments`
--
ALTER TABLE `departments`
  ADD UNIQUE KEY `dept_name` (`dept_name`),
  ADD UNIQUE KEY `id` (`id`) USING BTREE;

--
-- Indexes for table `faculty_details`
--
ALTER TABLE `faculty_details`
  ADD PRIMARY KEY (`id`);

--
-- Indexes for table `marks`
--
ALTER TABLE `marks`
  ADD PRIMARY KEY (`id`),
  ADD KEY `student_id` (`student_id`),
  ADD KEY `subject_id` (`subject_id`);

--
-- Indexes for table `materials`
--
ALTER TABLE `materials`
  ADD PRIMARY KEY (`id`),
  ADD KEY `uploaded_by` (`uploaded_by`),
  ADD KEY `materials_ibfk_1` (`subject_id`);

--
-- Indexes for table `notifications`
--
ALTER TABLE `notifications`
  ADD PRIMARY KEY (`id`);

--
-- Indexes for table `recheck_requests`
--
ALTER TABLE `recheck_requests`
  ADD PRIMARY KEY (`id`),
  ADD KEY `subject_id` (`subject_id`),
  ADD KEY `fk_result_recheck` (`result_id`),
  ADD KEY `fk_student_recheck` (`student_id`);

--
-- Indexes for table `results`
--
ALTER TABLE `results`
  ADD PRIMARY KEY (`id`),
  ADD KEY `student_id` (`student_id`);

--
-- Indexes for table `subjects`
--
ALTER TABLE `subjects`
  ADD UNIQUE KEY `id` (`id`) USING BTREE,
  ADD KEY `dept_id` (`dept_id`);

--
-- Indexes for table `users`
--
ALTER TABLE `users`
  ADD PRIMARY KEY (`id`),
  ADD UNIQUE KEY `enrollment_or_id` (`enrollment_or_id`),
  ADD UNIQUE KEY `email` (`email`),
  ADD KEY `dept_id` (`dept_id`);

--
-- AUTO_INCREMENT for dumped tables
--

--
-- AUTO_INCREMENT for table `attendance`
--
ALTER TABLE `attendance`
  MODIFY `id` int(11) NOT NULL AUTO_INCREMENT, AUTO_INCREMENT=8;

--
-- AUTO_INCREMENT for table `departments`
--
ALTER TABLE `departments`
  MODIFY `id` int(11) NOT NULL AUTO_INCREMENT, AUTO_INCREMENT=4;

--
-- AUTO_INCREMENT for table `faculty_details`
--
ALTER TABLE `faculty_details`
  MODIFY `id` int(11) NOT NULL AUTO_INCREMENT, AUTO_INCREMENT=13;

--
-- AUTO_INCREMENT for table `marks`
--
ALTER TABLE `marks`
  MODIFY `id` int(11) NOT NULL AUTO_INCREMENT;

--
-- AUTO_INCREMENT for table `materials`
--
ALTER TABLE `materials`
  MODIFY `id` int(11) NOT NULL AUTO_INCREMENT, AUTO_INCREMENT=5;

--
-- AUTO_INCREMENT for table `notifications`
--
ALTER TABLE `notifications`
  MODIFY `id` int(11) NOT NULL AUTO_INCREMENT;

--
-- AUTO_INCREMENT for table `recheck_requests`
--
ALTER TABLE `recheck_requests`
  MODIFY `id` int(11) NOT NULL AUTO_INCREMENT;

--
-- AUTO_INCREMENT for table `results`
--
ALTER TABLE `results`
  MODIFY `id` int(11) NOT NULL AUTO_INCREMENT, AUTO_INCREMENT=2;

--
-- AUTO_INCREMENT for table `subjects`
--
ALTER TABLE `subjects`
  MODIFY `id` int(11) NOT NULL AUTO_INCREMENT, AUTO_INCREMENT=100;

--
-- AUTO_INCREMENT for table `users`
--
ALTER TABLE `users`
  MODIFY `id` int(11) NOT NULL AUTO_INCREMENT, AUTO_INCREMENT=20;

--
-- Constraints for dumped tables
--

--
-- Constraints for table `attendance`
--
ALTER TABLE `attendance`
  ADD CONSTRAINT `attendance_ibfk_1` FOREIGN KEY (`subject_id`) REFERENCES `subjects` (`id`) ON DELETE CASCADE,
  ADD CONSTRAINT `attendance_ibfk_2` FOREIGN KEY (`subject_id`) REFERENCES `subjects` (`id`);

--
-- Constraints for table `marks`
--
ALTER TABLE `marks`
  ADD CONSTRAINT `marks_ibfk_1` FOREIGN KEY (`student_id`) REFERENCES `users` (`id`),
  ADD CONSTRAINT `marks_ibfk_2` FOREIGN KEY (`subject_id`) REFERENCES `subjects` (`id`);

--
-- Constraints for table `materials`
--
ALTER TABLE `materials`
  ADD CONSTRAINT `materials_ibfk_1` FOREIGN KEY (`subject_id`) REFERENCES `subjects` (`id`) ON DELETE CASCADE;

--
-- Constraints for table `recheck_requests`
--
ALTER TABLE `recheck_requests`
  ADD CONSTRAINT `fk_result_recheck` FOREIGN KEY (`result_id`) REFERENCES `results` (`id`) ON DELETE CASCADE,
  ADD CONSTRAINT `fk_student_recheck` FOREIGN KEY (`student_id`) REFERENCES `users` (`id`) ON DELETE CASCADE,
  ADD CONSTRAINT `recheck_requests_ibfk_1` FOREIGN KEY (`student_id`) REFERENCES `users` (`id`),
  ADD CONSTRAINT `recheck_requests_ibfk_2` FOREIGN KEY (`subject_id`) REFERENCES `subjects` (`id`);

--
-- Constraints for table `results`
--
ALTER TABLE `results`
  ADD CONSTRAINT `results_ibfk_1` FOREIGN KEY (`student_id`) REFERENCES `users` (`id`) ON DELETE CASCADE;

--
-- Constraints for table `subjects`
--
ALTER TABLE `subjects`
  ADD CONSTRAINT `subjects_ibfk_1` FOREIGN KEY (`dept_id`) REFERENCES `departments` (`id`);

--
-- Constraints for table `users`
--
ALTER TABLE `users`
  ADD CONSTRAINT `users_ibfk_1` FOREIGN KEY (`dept_id`) REFERENCES `departments` (`id`);
COMMIT;

/*!40101 SET CHARACTER_SET_CLIENT=@OLD_CHARACTER_SET_CLIENT */;
/*!40101 SET CHARACTER_SET_RESULTS=@OLD_CHARACTER_SET_RESULTS */;
/*!40101 SET COLLATION_CONNECTION=@OLD_COLLATION_CONNECTION */;
